occupational_title,rapids_code,onet_code,term_length,type
ABLE SEAMAN,1043,53-5011.01,2785,TB
ACCESSIBILITY AND PRIVATE RESIDENCE LIFT TECHNICIAN,2020,47-4021.00,4200,TB
ACCORDION MAKER,0860,51-7011.00,8000,TB
ACCOUNTING TECHNICIAN (Alternate Title: Accounting Specialist),1125HY,43-3031.00,4000-5000,HY
ACOUSTICAL CARPENTER (Alternate Title: Acoustical Specialist)      ,0861,47-2081.01,8000,TB
ACOUSTICAL SPECIALIST (Existing Title:  Acoustical Carpenter),0861R-HY,47-2081.01,3900-6000,HY
ACOUSTICAL SPECIALIST (Existing Title:  Acoustical Carpenter),0861R1-HY,47-2081.01,5200-8000,HY
ACTOR                      ,0862,27-2011.00,4000,TB
AEROSPACE PROPULSION JET ENGINE MECH (Military Only),1067CB,49-3011.02,*CB,CB
AGRICULTURAL COMMODITY GRADER,2046CB,45-2011.00,*CB,CB
AGRICULTURAL SERVICE WORKER,0703,37-3012.00,4000,TB
AIR & HYDRONIC BALANCING TECHNICIAN  ,0990,49-9021.01,6000,TB
AIR CONDITIONING EQUIPMENT MECHANIC (Existing Title: Heating & Air-Conditioner Install/Ser),0637R,49-9021.01 ,8000,TB
AIR CONDITIONING INSTALLER WINDOW,0002,49-9031.00,6000,TB
AIR CONDITIONING MECHANIC (Auto Serv),0686,49-3023.02,2000,TB
AIR TRAFFIC CONTROLLER (Military Only),1101CB,53-2021.00,*CB,CB
AIR TRANSPORT PILOT,1046CB,53-2012-00,*CB,CB
AIRCRAFT ARMAMENT MECHANIC,0863,55-3014.00,8000,TB
"AIRCRAFT MECHANIC, ARMAMENT    ",0865,51-2011.00,8000,TB
"AIRCRAFT MECHANIC, ELECTRICAL   ",0003,49-2091.00,8000,TB
"AIRCRAFT MECHANIC, PLUMB & HYDRAULIC",0866,51-2011.00,8000,TB
AIRCRAFT METALS TECH/MACHINIST/CNC/Welder (Military Only),1068CB,51-4011.00,*CB,CB
AIRCRAFT PHOTOGRAPH EQUIPMENT,0867,49-9061.00,8000,TB
AIRFIELD MANAGEMENT (Military Only),1063CB,53-2022.00,*CB,CB
AIRFRAME & POWERPLANT MECHANIC ,0005,49-3011.01,8000,TB
AIRFRAME & POWERPLANT MECHANIC ,0005R,49-3011.01,5000,TB
AIRFRAME MECHANIC,1044,49-3011.01,3100,TB
AIRPLANE COVERER           ,0868,51-9199.00,8000,TB
AIRPLANE INSPECTOR         ,0004,51-9061.00,6000,TB
ALARM  OPERATOR (Gov Serv)  ,0870,43-5031.00,2000,TB
ALTERATION TAILOR          ,0007,51-6052.01,4000,TB
AMBULANCE ATTENDANT (EMT)  ,0724,53-3011.00,2000,TB
ANIMAL TRAINER             ,0871,39-2011.00,4000,TB
APPRENTICESHIP AND TRAINING REPRESENTATIVE (Gov Only),2037HY,13-1151.00,4000-6000,HY
ARBORIST,2048HY,37-3013.00 ,5400-6000,HY
"ARCHITECTURAL, COATINGS FINISHER    ",0105,47-2141.00,6000,TB
ARMORY TECHNICIAN ,2013,55-3019.00,2000,TB
ARSON AND BOMB INVESTIGATOR,0531,33-2021.02,4000,TB
ARTIFICIAL GLASS EYE MAKER,0011,51-9195.04,10000,TB
ARTIFICIAL PLASTIC EYE MAKER,0012,51-9082.00,10000,TB
ASPHALT PAVING MACHINE OPERATOR (Alt. Title: Concrete and Asphalt Equip Op),0872,47-2071.00,6000,TB
"ASSEMBLER, AIRCRAFT POWERPLANT   ",0873,51-2031.00,4000,TB
"ASSEMBLER, AIRCRAFT STRUCTURES ",0874,51-2011.01,8000,TB
"ASSEMBLER, ELECTROMECHANICAL",0875,17-3024.00,8000,TB
"ASSEMBLER, INSTALLER, GENERAL",0876,51-2011.01,4000,TB
"ASSEMBLER, METAL BUILDING  ",0877,47-2221.00,4000,TB
ASSEMBLY TECHNICIAN        ,0878,49-2011.00,4000,TB
ASSISTANT PRESS OPERATOR   ,0903,51-5112.00,4000,TB
AUDIO OPERATOR             ,0879,27-4012.00,4000,TB
AUDIO-VIDEO REPAIRER,0880,49-2097.00,4000,TB
"AUGER PRESS OPER, MAN CONTROLLER ",0779,51-9041.02,4000,TB
AUTO COOLING SYSTEM DIAGNOSTIC TECH ,0836,49-3023.02,4000,TB
AUTO MAINTENANCE-EQUIPMENT SERVICER,0027,49-9041.00,8000,TB
"AUTO, TRUCK, TRAILER REPAIR MECHANIC (Existing Title: Automobile Mechanic) ",**0023R,49-3023.01,7328,TB
AUTOMATED ACCESS SYSTEMS TECHNICIAN,1128,49-9011.00,3520,TB
AUTOMATED EQUIPMENT ENGINEER-TECH,0821,49-9044.00,8000,TB
AUTOMATIC-EQUIPMENT TECHNICIAN,0021,49-2022.03,8000,TB
AUTOMOBILE BODY REPAIRER,0024,49-3021.00,8000,TB
AUTOMOBILE MECHANIC (Alternate Title: Light-Wheel Vehicle Mechanic)    ,0023,49-3023.01,8000,TB
AUTOMOBILE REPAIR-SERVICE ESTIMATOR,0638,51-9061.00,8000,TB
AUTOMOBILE TESTER          ,0881,51-9061.00,8000,TB
AUTOMOBILE UPHOLSTERER     ,0639,51-6093.00,6000,TB
AUTOMOTIVE GENERATOR-STARTER REP,0882,49-2092.02,4000,TB
AUTOMOTIVE MECHANIC (Existing Title: Automobile Mechanic),0023R1,49-3023.01,8000,TB
AUTOMOTIVE TECHNICIAN SPECIALIST (Alternate Title: Light-Weight Vehicle Mech),1034CB,49-3023.02,*CB,CB
AUTOMOTIVE TECHNICIAN SPECIALIST,1034CL,49-3023.02,*CB,CB
AUTOMOTIVE TECHNICIAN SPECIALIST (Entry Lev 1 exp),1034CL1,49-3023.02,*CB,CB
AUTOMOTIVE TECHNICIAN SPECIALIST (Entry Lev 1 non-exp),1034CL2,49-3023.02,*CB,CB
AUTOMOTIVE TECHNICIAN SPECIALIST (Lead Tech A Lev 4),1034CL3,49.3023.02,*CB,CB
AUTOMOTIVE TECHNICIAN SPECIALIST (Senior Tech B Lev 3),1034CL4,49.3023.02,*CB,CB
AUTOMOTIVE TECHNICIAN SPECIALIST (Tech C Lev 2),1034CL5,49.3023.02,*CB,CB
AUTO-RADIATOR MECHANIC,0784,49-3023.02,4000,TB
AVIATION SAFETY EQUIPMENT TECHNICIAN ,0605,49-9099.00,8000,TB
AVIATION SUPPORT EQUIPMENT REPAIRER ,0599,49-9041.00,8000,TB
AVIONICS TECHNICIAN        ,0464,49-2094.00,8000,TB
BAKER (Bake Produce)          ,0028,51-3011.00,6000,TB
BAKER (Hotel & Restaurant)   ,0776,51-3011.01,6000,TB
"BAKER, PIZZA (Hotel & Restaurant)",0883,35-2011.00,2000,TB
BAKERY-MACHINE MECHANIC,0029,49-9041.00,6000,TB
BANK-NOTE DESIGNER,0640,27-1021.00,10000,TB
BARBER                     ,0030,39-5011.00,2000,TB
BARTENDER                  ,0608,35-3011.00,2000,TB
BATCH-AND-FURNACE OPERATOR,0884,51-9051.00,8000,TB
BATTERY REPAIRER           ,0885,49-2092.03,4000,TB
BEEKEEPER                  ,0886,11-9013.02,8000,TB
BENCH HAND (Jewelry-Silver),0031,51-9071.01,4000,TB
BEN-DAY ARTIST,0887,51-5112.00,12000,TB
BINDERY MACHINE SETTER,0026,51-5113.00,8000,TB
BINDERY WORKER             ,0033,51-5113.00,8000,TB
BIO-MANUFACTURING TECHNICIAN (Downstream),1103CB,19-4021.00,*CB,CB
BIO-MANUFACTURING TECHNICIAN (Upstream),1102CB,19-4021.00,*CB,CB
BIOMEDICAL EQUIPMENT TECHNICIAN  ,0888,49-9062.00,8000,TB
BISON HERD MANAGER,1136,45-1011.08,4000,TB
BLACKSMITH                 ,0035,51-4199.00,8000,TB
BLOCKER & CUTTER CONTACT LENS,0889,51-9083.00,2000,TB
"BOAT BUILDER (Existing Title: Boat Builder, Wood)",0036,47-2031.01,8000,TB
"BOATBUILDER, WOOD          ",0036HY,47-2031.01,5200-8000,TB
"BOATBUILDER, WOOD          ",0036R,47-2031.01,8000,TB
"BOAT BUILDER (Composite) (Existing Title:  Boat Builder, Wood)",0036R-HY,47-2031.01, 5370-8275 ,HY
"BOAT BUILDER (Composite) (Production) (Existing Title: Boat Builder, Wood)",0036R1-HY,47-2031.01,   4100-6805   ,HY
BOILER AND PRESSURE VESSEL INSPECTOR,1119,47-4011.00,2000,TB
BOILER OPERATOR            ,0815,51-8021.00,8000,TB
BOILER PLANT EQUIPMENT MECHANIC (Existing Title: Boiler Operator),0815R,51-8021.02,8000,TB
BOILERHOUSE MECHANIC       ,0038,47-2011.00,6000,TB
BOILERMAKER FITTER         ,0039,47-2011.00,8000,TB
BOILERMAKER I              ,0040,47-2011.00,6000,TB
BOILERMAKER II             ,0041,47-2011.00,6000,TB
BOOKBINDER                 ,0047,51-5113.00,10000,TB
"BOOTMAKER, HAND            ",0890,51-6041.00,2000,TB
BRACELET & BROOCH MAKER    ,0891,51-9071.01,8000,TB
BRAKE REPAIRER (Auto Serv)  ,0892,49-3023.02,4000,TB
BRICKLAYER (Brick & Tile)  ,0051,47-2021.00,8000,TB
BRICKLAYER (Construction)         ,0052,47-2021.00,6000,TB
BRICKLAYER (Existing Title: Bricklayer (Construction)),0052HY,47-2021.00,4500-8000,HY
BRICKLAYER (Existing Title: Bricklayer (Construction)),0052R,47-2021.00,8000,TB
"BRICKLAYER, FIREBRICK & REFRACTORY",0706,47-2021.00,8000,TB
BRICKLAYERS & MASON (Ext. Title: Bricklayer (Brick & Tile) or (Masonry)),0051HY,47-2021.00,4500-6000,HY
"BRIDGE CARPENTER-HEAVY HIGHWAY (Existing Title: Carpenter, Rough)",0069,47-2031.02,8000,TB
"BRIDGE CARPENTER-HEAVY HIGHWAY (Existing Title: Carpenter, Rough)",0069R-HY,47-2031.02,3900-6000,HY
"BRIDGE CARPENTER-HEAVY HIGHWAY (Existing Title: Carpenter, Rough)",0069R1-HY,47-2031.02,5200-8000,HY
BRILLIANDEER-LOPPER,0893,51-9071.06,6000,TB
"BUILDING MAINTENANCE REPAIRER (Ex. Title: Maintenance Repairer, Building)",0310HY,49-9071.00,3901-4422,HY
"BUILDING MAINTENANCE REPAIRER (Ex. Title: Maintenance Repairer, Building)",0310R,49-9071.00,4000,TB
BUS MAINTENANCE TECHNICIAN,0124R,49-3031.00,5568,TB
"BUTCHER, ALLROUND",0662,51-3023.00,6000,TB
"BUTCHER, MEAT (Hotel & Restaurant)",0894,51-3021.00,6000,TB
BUTTERMAKER                ,0054,51-9012.00,4000,TB
CABINETMAKER,0055,51-7011.00,8000,TB
CABINETMAKER               ,0055HY,51-7011.00,5200-8000,HY
CABLE INSTALLER-REPAIRER (Alternate Title: Cable Systems Installer/Maintainer),0056,49-9051.00,6000,TB
CABLE SPLICER,0058,49-9051.00,8000,TB
CABLE TELEVISION INSTALLER ,0566,49-9052.00,2000,TB
CABLE TESTER (Tel & Tel)   ,0059,51-9061.00,8000,TB
CALIBRATION LABORATORY TECHNICIAN,0895,17-3023.01,8000,TB
CALIBRATOR (Military)      ,1031,51-9061.00,4000,TB
CAMERA OPERATOR            ,0955,27-4031.00,6000,TB
CAMERA REPAIRER            ,0062,49-9061.00,4000,TB
CANAL EQUIPMENT MECHANIC,0790,49-9041.00,4000,TB
CANDY MAKER                ,0065,51-3092.00,6000,TB
CANVAS WORKER              ,0641,51-9199.00,6000,TB
CAR REPAIRER (Railroad Equipment),0642,49-3043.00,8000,TB
CARBURETOR MECHANIC        ,0896,49-3023.02,8000,TB
"CARD CUTTER, JACQUARD      ",0897,51-6099.00,8000,TB
CARD GRINDER               ,0898,51-4194.00,8000,TB
CAREER DEVELOPMENT TECHNICIAN ,1057CB,13-1071.00,*CB,CB
CARPENTER                  ,0067,47-2031.00,8000,TB
CARPENTER,0067HY,47-2031.00,5200-8000,HY
CARPENTER ,**0067R,47-2031.01,7328,TB
CARPENTER COMMERCIAL INTERIOR SPEC,0653CL,47-2031.01,5000,TB
CARPENTER FRAMING & FINISHING Level 1,0653CL1,47-2031.01,2760-4000,HY
CARPENTER FORMS & CONCRETE Level 2,0653CL2,47-2031.01,2600-4000,HY
CARPENTER ADVANCE SYSTEMS SPEC Level 2,0653CL3,47-2031.01,2600-4000,HY
CARPENTER ROOFER SPECIALIST (Existing Title:  Roofer),0480,47-2031.01,6000,TB
CARPENTER ROOFER SPECIALIST (Existing Title:  Roofer),0480HY,47-2031.01,2600-4000,HY
CARPENTER ROOFER SPECIALIST (Existing Title:  Roofer),0480R-HY,47-2031.01,3900-6000,HY
"CARPENTER, ACOUSTICAL SPECIALIST (Existing Title:  Acoustical Carpenter)",0861HY,47-2081.01,3900-6000,HY
"CARPENTER, INTERIOR SYSTEMS (Alternate Title: Interior Systems Carpenter)",0653,47-2031.01,8000,TB
"CARPENTER, INTERIOR SYSTEMS (Alternate Title: Interior Systems Carpenter)",0653HY,47-2031.01,5200-8000,HY
"CARPENTER, MAINTENANCE (Alternate Title: Maintenance Carpenter)    ",0068,47-2031.01,8000,TB
"CARPENTER, MOLD            ",0762,47-2031.01,2000,TB
"CARPENTER, PILEDRIVER      ",1009,47-2031.02,8000,TB
"CARPENTER, PILEDRIVER      ",1009HY,47-2031.02,5200-8000,HY
"CARPENTER, ROUGH           ",0069,47-2031.02,8000,TB
"CARPENTER, SHIP            ",0070,47-2031.01,8000,TB
CARPET CUTTER (Retail Trade)  ,0899,51-9031.00,2000,TB
CARPET LAYER               ,0071,47-2041.00,6000,TB
"CARTOONIST, MOTION PICTURE ",0037,27-1013.00,6000,TB
"CARVER, HAND               ",0042,51-7011.00,8000,TB
CASH-REGISTER SERVICER,0072,49-2011.00,6000,TB
CASING-IN-LINE SETTER,0043,51-5113.00,8000,TB
CASKET ASSEMBLER           ,0073,47-2031.01,6000,TB
CASTER (Jewelry-Silver)    ,0074,51-9071.01,4000,TB
CASTER (Nonfer Metal)      ,0044,51-4072.00,4000,TB
CELL MAKER                 ,0046,51-9195.07,2000,TB
CELLAR WORKER (Wine),1124,51-9012.00,2136,TB
CEMENT MASON               ,0075,47-2051.00,4000,TB
CEMENT MASON               ,0075HY,47-2051.00,4500-8000,HY
CEMENT MASON (Alternate Title:  Cement Mason Concrete Finisher)               ,0075R,47-2051.00,8000,TB
CEMENT MASON CONCRETE FINISHER (Existing Title: Cement Mason),0075R-HY,47-2051.00,5200-8000,HY
CEMENT MASON CONCRETE FINISHER (Existing Title: Cement Mason),0075R1-HY,47-2051.00,3900-6000,HY
CENTRAL STERILE PROCESSING TECHNICIAN,1133,31.9093.00,2000,TB
CENTRAL-OFFICE INSTALLER,0076,49-2022.00,8000,TB
CENTRAL-OFFICE REPAIRER,0077,49-2022.00,8000,TB
CERAMIC TILE INSTALLER (Existing Title: Tile Setter),0573R1,47-2044.00,8000,TB
CERAMIC TILE INSTALLER (Existing Title: Tile Setter),0573R-HY,47-2044.00,5200-8000,HY
CHAPLAIN SERVICE SUPPORT (Military Only),1082CB,21-2099.00,*CB,CB
CHASER (Jewelry-Silver)    ,0049,51-9071.07,8000,TB
CHEESEMAKER                ,0078,51-3092.00,4000,TB
CHEF DE PARTI (Existing Title:  Cook Hotel & Restaurant)                 ,0663CB,35-2014.00,*CB,CB
CHEMICAL ENGINEERING TECHNICIAN,0969,19-4031.00,8000,TB
CHEMICAL LABORATORY TECHNICIAN,0050,19-4031.00,8000,TB
CHEMICAL OPERATOR III      ,0791,51-9011.00,6000,TB
CHEMISTRY QUALITY CONTROL TECHNICIAN,1134HY,19-4031.00,2000-3000,HY
CHIEF OF PARTY (Prof & Kin),0053,17-3031.00,8000,TB
CHIEF OPERATOR (Chem)      ,0057,51-8091.00,6000,TB
"CHIEF, COOK (Water Transportation)",1053,35-1011.00,4000,TB
"CHIEF, COOK (Water Transportation)",1053CL,35-1011.00,*CB,CB
"CHIEF, COOK (Water Transportation) (Level 1) (Dining Room Steward Utility)",1053CL1,35-1011.00,*CB,CB
"CHIEF, COOK (Water Transportation) (Level 2) (Bar Assistant Utility)",1053CL2,35-1011.00,*CB,CB
"CHIEF, COOK (Water Transportation) (Level 3) (Galley Cook Utility)",1053CL3,35-1011.00,*CB,CB
CHILD CARE DEVELOPMENT SPECIALIST  ,0840,39-9011.00,4000,TB
CHIMNEY REPAIRER,0849,47-2021.00,2000,TB
CHIMNEY SWEEP,2022,37-2011.00,4000,TB
CLARIFYING-PLANT OPERATOR (Text),0060,51-8031.00,2000,TB
CLINICAL DOCUMENTATION IMPROVEMENT SPECIALIST,2026CB,29-2071.00,*CB,CB
CLOTH DESIGNER             ,0081,27-1021.00,8000,TB
COMPUTER SUPPORT SPECIALIST,1131HY,15-1151.00,2008-2312 ,HY
CNC OPERATOR - MILLING,1097CB,51-4035.00,*CB,CB
CNC OPERATOR - MILLING AND TURNING,1094CB,51-4034.00,*CB,CB
CNC OPERATOR - TURNING,1093CB,51-4034.00,*CB,CB
CNC OPERATOR AND PROGRAMMER (Existing Title:  CNC Set-Up Program Operator - Milling and Turning),1100HY,51-4012.00,6000-8000,HY
CNC SET-UP PROG - MILLING,1099CB,51-4012.00,*CB,CB
CNC SET-UP PROG - MILLING AND TURNING ,1100CB,51-4012.00,*CB,CB
CNC SET-UP PROG - TURNING,1095CB,51-4012.00,*CB,CB
COACH OPERATOR       ,2034,53-3021.00,2000,TB
COATING MACHINE OPERATOR I ,1025,51-9121.00,2000,TB
COATINGS INSPECTOR,2051HY,51-9061.00,3032-3632,HY
COIN-MACH-SERVICE REPAIRER,0609,49-9091.00,6000,TB
"COLORIST, PHOTOGRAPHY      ",0084,51-9151.00,4000,TB
COMMAND POST SPECIALTY (Military Only),1065CB,55-3015.00,*CB,CB
COMMERCIAL DESIGNER        ,0013,27-1021.00,8000,TB
COMMUNICATIONS-COMPUTER SYSTEMS PLANNING AND IMPLEMENTATION(Mil Only),1073CB,15-1121.00,*CB,CB
COMMUNITY HEALTH WORKER,2002HY,21-1091.00,2000-2200,HY
COMPLAINT INSPECTOR        ,0061,51-9061.00,8000,TB
COMPOSING-ROOM MACHINIST,0086,49-9041.00,12000,TB
COMPOSITE FITTER MECHANIC,1118,51-2091.00,4000,TB
COMPOSITE PLASTIC FABRICATOR (Existing Title:  Insulation Worker) ,0909R,47-2131.00   ,5920,TB
COMPOSITOR (Alternate Title: Keyboarder/Proofreader [Gov])     ,0087,51-5111.00,8000,TB
COMPUTED TOMOGRAPHY (CT) TECHNICIAN,1116,29-2034.00,1838,TB
COMPUTER OPERATOR          ,0676,43-9011.00,6000,TB
COMPUTER PROGRAMMER        ,0811,15-1131.00,4000,TB
COMPUTER PROGRAMMER        ,0811CB,15-1131.00,*CB,CB
COMPUTER SUPPORT SPECIALIST,1131HY,15-1151.00,2008-2312 ,HY
COMPUTER SUPPORT SPECIALIST-DESKTOP SUPPORT TECH,2018HY,15-1151.00,2008-2312 ,HY
COMPUTER SYSTEMS ANALYST,2017HY,15-1121.00,2240-3428 ,HY
COMPUTER-PERIPHERAL-EQUIPMENT-OP,0817,43-9011.00,2000,TB
CONSTRUCTION CRAFT LABORER ,0661,47-2061.00,4000,TB
CONSTRUCTION CRAFT LABORER ,0661HY,47-2061.00,4000-5100,HY
CONSTRUCTION CRAFT LABORER ,0661R,47-2061.00,4000,TB
CONSTRUCTION DRIVER        ,1032,53-3032.00,2400,TB
CONSTRUCTION EQUIPMENT MECHANIC ,0336,49-3042.00,8000,TB
CONTOUR WIRE SPECIALTY DENTURE  ,0904,51-9081.00,8000,TB
CONTROL EQUIP ELEC-TECH    ,0693,49-2094.00,10000,TB
CONVEYOR MAINTENANCE MECHANIC,0066,49-9041.00,4000,TB
CONVEYOR SYSTEM OPERATOR   ,0557,53-7011.00,8000,TB
COOK (Any Ind)  (Alternate Title: Nutrition Care Specialist)         ,0090,35-2012.00,4000,TB
COOK (Hotel & Restaurant)        ,0663,35-2014.00,6000,TB
COOK (Hotel & Restaurant)        ,0663HY,35-2014.00,4000-6000,HY
"COOK, PASTRY (Hotel & Restaurant)",0722,51-3011.00,6000,TB
"COOK, PASTRY (Hotel & Restaurant)",0722HY,51-3011.00,4000-6000,HY
COOLING TOWER TECHNICIAN   ,0634,49-9041.00,4000,TB
COPPERSMITH (Ship & Boat)  ,0091,47-2152.01,8000,TB
COREMAKER                  ,0094,51-4071.00,8000,TB
"CORK INSULATOR, REFRIGERATOR PLT ",0095,47-2131.00,8000,TB
CORRECTION OFFICER         ,0851,33-3012.00,2000,TB
CORROSION-CONTROL FITTER,0920,49-2095.00,8000,TB
COSMETOLOGIST              ,0096,39-5012.00,2000,TB
COUNSELOR                  ,0569,21-1012.00,4000,TB
CRANE ELECTRICIAN (Existing Title: Electrician [Ship & Boat]) ,0771R,47-2111.00,5760,TB
"CRANE MECHANIC (Existing Title:  Mechanic, Industrial Truck) ",0153R,49-3031.00,5920,TB
CRIME SCENE TECHNICIAN,1113CB,19-4092.00,*CB,CB
CUPOLA TENDER              ,0991,51-4051.00,6000,TB
CUSTOM TAILOR (Garment)    ,0314,51-6052.00,8000,TB
CUSTOMER SERVICE REPRESENT ,1008,49-9031.00,6000,TB
"CUTTER, MACHINE 1          ",0613,51-9031.00,6000,TB
CYBER SECURITY SUPPORT TECHNICIAN,2050CB,15-1122.00 ,*CB,CB
CYLINDER GRINDER (Prt & Pub),0080,51-4194.00,10000,TB
CYLINDER PRESS OPERATOR,0677,51-5112.00,8000,TB
DAIRY EQUIPMENT REPAIRER   ,0099,49-3041.00,6000,TB
DAIRY GRAZIER,2019HY,11-9013.02,4000,HY
DAIRY TECHNOLOGIST         ,0630,19-4021.00,8000,TB
DATABASE TECHNICIAN,1130CB,15-1141.00,*CB,CB
DECORATOR (Any Ind)        ,0082,27-1026.00,8000,TB
DECORATOR (Glass Mfg)      ,0100,51-9123.00,8000,TB
DENTAL ASSISTANT (Alternate Title: Dental Specialist)       ,0101,31-9091.00,2000,TB
DENTAL CERAMIST,0102,51-9081.00,4000,TB
DENTAL LABORATORY TECHNICIAN,0103,51-9081.00,6000,TB
DENTAL-EQUIP INSTALL & SERVICES,0650,49-9062.00,6000,TB
DESIGN & PATTERNMAKER SHOE ,0107,51-6092.00,4000,TB
"DESIGN DRAFTER, ELECTROMEC ",0106,17-3012.01,8000,TB
DETAILER                   ,0108,17-3013.00,8000,TB
DIAGNOSTIC IMAGING SPECIALTY  (Alternate Title: Radiology Specialist),1081CB,29-2034.00,*CB,CB
DIAMOND SELECTOR (Jewelry) ,0083,51-9071.06,8000,TB
DICTATING-TRANS-MACHINIST SERVICES,0085,49-2011.00,6000,TB
DIE DESIGNER               ,0113,17-3013.00,8000,TB
DIE DESIGNER (Body Manufacturing),**0113R,17-3013.00,7328,TB
DIE FINISHER               ,0114,51-4111.00,8000,TB
DIE MAKER (Jewelry-Silver) ,0115,51-4111.00,8000,TB
DIE MAKER (Paper Goods)    ,0654,51-4111.00,8000,TB
"DIE MAKER, BENCH, STAMPING ",0668,51-4111.00,8000,TB
"DIE MAKER, STAMPING        ",0118,51-4111.00,6000,TB
"DIE MAKER, TRIM            ",0119,51-4111.00,8000,TB
"DIE MAKER, WIRE DRAWING    ",0939,51-4111.00,6000,TB
DIE MAKING (Existing Title:  Die Maker Trim),**0119R,51-4111.00,7328,TB
DIE POLISHER (Nonfer Metal),0120,51-4194.00,2000,TB
DIE SETTER (Forging)       ,0121,51-4022.00,4000,TB
DIE SINKER                 ,0122,51-4111.00,8000,TB
DIESEL ENGINE TESTER,0093,51-9061.00,8000,TB
DIESEL MECHANIC            ,0124R,49-3031.00,6000,TB
DIESEL MECHANIC (Alternate Title: Power-Generation Equipment Repairer) ,0124,49-3031.00,8000,TB
DIRECT SUPPORT SPECIALIST,1040CL,21-1093.00,*CB,CB
DIRECT SUPPORT SPECIALIST (Professional) (Level 1) (Registration Level),1040CL1,21-1093.00,*CB,CB
DIRECT SUPPORT SPECIALIST (Professional) (Level 2) (Initial Certificate Level),1040CL2,21-1093.00,*CB,CB
DIRECT SUPPORT SPECIALIST (Professional) (Level 3) (Advanced Certificate Level),1040CL3,21-1093.00,*CB,CB
"DIRECTOR, FUNERAL          ",0820,11-9061.00,4000,TB
"DIRECTOR, TELEVISION       ",0970,27-2012.02,4000,TB
"DISPATCHER, SERVICE (Alternate Title: Transportation Management Coordinator)   ",0681,43-5032.00,4000,TB
DISPLAY DESIGNER (Prof & Kin),0098,27-1027.02,8000,TB
"DISPLAYER, MERCHANDISE     ",0324,27-1026.00,2000,TB
DOCK AND WHARF BUILDER,1009R,47-2031.02,8000,TB
DOCK AND WHARF BUILDER,1009R-HY,47-2031.02,5200-8000,HY
DOOR-CLOSER MECHANIC,0104,49-9011.00,6000,TB
DOT ETCHER                 ,0679,51-5111.00,10000,TB
"DRAFTER, ARCHITECTURAL     ",0126,17-3011.01,8000,TB
"DRAFTER, AUTO DESIGN LAYOUT",0019,17-3013.00,8000,TB
"DRAFTER, AUTOMOTIVE DESIGN ",0018,17-3013.00,8000,TB
"DRAFTER, CARTOGRAPHIC      ",0109,17-1021.00,8000,TB
"DRAFTER, CIVIL             ",0128,17-3011.02,8000,TB
"DRAFTER, COMMERCIAL        ",0129,17-3011.01,8000,TB
"DRAFTER, DETAIL            ",0130,17-3013.00,8000,TB
"DRAFTER, ELECTRICAL        ",0131,17-3012.02,8000,TB
"DRAFTER, ELECTRONIC        ",0995,17-3012.01,8000,TB
"DRAFTER, HEATING & VENTILATE ",0133,17-3011.01,8000,TB
"DRAFTER, LANDSCAPE         ",0134,17-3011.01,8000,TB
"DRAFTER, MARINE            ",0135,17-3011.01,8000,TB
"DRAFTER, MECHANICAL        ",0136,17-3013.00,8000,TB
"DRAFTER, PLUMBING          ",0111,17-3011.01,8000,TB
"DRAFTER, STRUCTURAL        ",0139,17-3011.01,6000,TB
"DRAFTER, TOOL DESIGN",0140,17-3013.00,8000,TB
DRAGLINE OPERATOR          ,0957,53-7032.00,2000,TB
DREDGE OPERATOR            ,0117,53-7031.00,2000,TB
DRESSMAKER                 ,0144,51-6052.00,8000,TB
DRILLING-MACHINE OPERATOR,0125,47-5042.00,6000,TB
"DRIVER SERVICE PROVIDER (Existing Title: Truck Driver, Heavy)",0980,53-3032.01,5000,TB
DRY  CLEANER               ,0649,51-6011.00,6000,TB
DRY-WALL APPLICATOR,0145,47-2081.01,4000,TB
DRYWALL APPLICATOR (Alternate Title:  Drywall Applicator Specialist),0145HY,47-2081.01,3900-6000,HY
DRYWALL APPLICATOR SPECIALIST  (Existing Title: Dry-Wall Applicator),0145R-HY,47-2081.02,5200-8000,HY
DRYWALL APPLICATOR SPECIALIST (Existing Title: Dry-Wall Applicator),0145R,47-2081.02,8000,TB
DRYWALL FINISHER (Existing Title:  Taper)                      ,0561HY,47-2082.00,2482-4442,HY
DRYWALL FINISHER (Existing Title:  Taper),0561R,47-2082.00,6000,TB
DRYWALL FINISHER (Existing Title:  Taper),0561R-HY,47-2082.00,2600-4000,HY
E-COMMERCE SPECIALIST,1054CB,15-1199.00,*CB,CB
EDUCATION AND TRAINING (Military Only),1079CB,13-1151.00,*CB,CB
ELECT-MOTOR & GEN ASSEMBLER,0927,51-2031.00,4000,TB
ELECT-MOTOR ASSEM & TESTER ,0829,49-2092.00,8000,TB
ELECT-PROD-LINE-MAINT-MECHANIC,0171,49-9041.00,2000,TB
ELECTRIC METER INSTALLER I,0330,49-9012.00,8000,TB
ELECTRIC METER REPAIRER,0151,49-9012.01,8000,TB
ELECTRIC METER TESTER,0792,51-9061.00,8000,TB
ELECTRIC MOTOR REPAIRER,0149,49-2092.00,8000,TB
ELECTRIC SIGN ASSEMBLER,0652,51-2022.00,8000,TB
ELECTRIC TOOL REPAIRER,0150,49-9031.00,8000,TB
ELECTRICAL,**0161R,49-2096.00,7328,TB
ELECTRICAL APPLIANCE REPAIRER,0154,49-9031.00,6000,TB
ELECTRICAL APPLIANCE SERVICES,0156,49-9031.00,6000,TB
ELECTRICAL INSTRUMENT REPAIRER,0157,17-3023.01,6000,TB
ELECTRICAL TECHNICIAN      ,0155,17-3023.03,8000,TB
ELECTRIC-DISTRIBUTION CHECKER,0905,51-9061.00,4000,TB
ELECTRICIAN                ,0159HY,47-2111.00,8000,HY
ELECTRICIAN (Alternate Title: Interior Electrician)          ,0159,47-2111.00,8000,TB
ELECTRICIAN (Ship & Boat)  ,0771,47-2111.00,8000,TB
ELECTRICIAN (Water Trans)  ,0158,47-2111.00,8000,TB
"ELECTRICIAN, AIRCRAFT      ",0160,49-2091.00,8000,TB
"ELECTRICIAN, AUTOMOTIVE    ",0161,49-2096.00,4000,TB
"ELECTRICIAN, LOCOMOTIVE    ",0162,49-2093.00,8000,TB
"ELECTRICIAN, MAINTENANCE   ",0643,47-2111.00,8000,TB
"ELECTRICIAN, POWERHOUSE    ",0163,49-2095.00,8000,TB
"ELECTRICIAN, RADIO         ",0164,49-2021.00,8000,TB
"ELECTRICIAN, SUBSTATION    ",0166,49-2095.00,6000,TB
ELECTRIC-TRACK-SWITCH MAIN,0132,49-9097.00,8000,TB
ELECTROMECHANICAL TECHNICIAN     ,0167,17-3024.00,6000,TB
ELECTROMEDICAL EQUIP REPAIRER (Alternate Title: Medical Equipment Repairer ) ,0168,49-9062.00,4000,TB
ELECTRONIC INDUSTRIAL CONTROL MECHANIC (Existing Title:  Electromechanical Tech) ,0167R,17-3024.00,5840,TB
ELECTRONIC PREPRESS SYSTEM OPER.,0617,43-9031.00,10000,TB
ELECTRONIC SYSTEMS TECH,1041,49-2022.00,8000,TB
ELECTRONIC UTILITY WORKER,0967R,51-9199.00,4000,TB
ELECTRONIC-ORGAN TECHNICIAN,0137,49-2097.00,4000,TB
ELECTRONICS MECHANIC       ,0170,49-2011.00,8000,TB
ELECTRONICS TECHNICIAN     ,0169,17-3023.01,8000,TB
ELECTRONICS TESTER         ,0570,51-9061.00,6000,TB
ELECTRONICS UTILITY WORKER ,0967,51-9199.00,8000,TB
ELECTROPLATER (Existing Title:  Electrostatic Powder Coating Technician) ,1036R,51-9121.01,6240,TB
ELECTROSTATIC POWDER COATING TECH,1036,51-9121.00,8000,TB
ELECTROTYPER               ,0172,51-5111.00,10000,TB
ELECT-SALES & SERVICE TECHNICIAN,0906,49-2094.00,8000,TB
ELEVATING-GRADER OPERATOR,0138,47-2073.00,4000,TB
ELEVATOR CONSTRUCTOR,0173R,47-4021.00,6800,TB
ELEVATOR CONSTRUCTOR (Alternate Title: Elevator Constructor Mechanic),0173,47-4021.00,8000,TB
ELEVATOR REPAIRER          ,0174,47-4021.00,8000,TB
EMBALMER (Per Ser)         ,0665,39-4011.00,4000,TB
EMBOSSER                   ,0704,51-5112.00,4000,TB
EMBOSSING-PRESS OPERATOR,0684,51-5112.00,8000,TB
EMERGENCY MEDICAL TECHNICIAN (Alternate Title: Health Care Specialist)  ,0730,29-2041.00,6000,TB
ENERGY AUDITOR AND ANALYST,2005HY,13-1199.01,2000-3350 ,HY
ENERGY SPECIALIST,2005R-HY,13-1199.01,2600-4000,HY
ENERGY SPECIALIST,2005R1-HY,13-1199.01,3900-6000,HY
"ENGINE REPAIRER, SERVICE   ",0176,49-3053.00,8000,TB
ENGINE TURNER (Jewelry)    ,0143,51-9071.01,4000,TB
"ENGINEERING ASSISTANT, MECHANIC EQUIP",0764,17-3013.00,8000,TB
ENGINEERING MODEL MAKER (Inst & App),0249,51-4061.00,8000,TB
"ENGINE-LATHE SET-UP OP,TOOL",0782,51-4034.00,4000,TB
ENGINE-LATHE SET-UP OPERATOR,0142,51-4034.00,4000,TB
ENGRAVER (Glass Prod)      ,0178,51-9194.00,4000,TB
ENGRAVER I                 ,0705,51-9194.00,10000,TB
"ENGRAVER, BLOCK (Prt & Pub)",0146,51-9194.00,8000,TB
"ENGRAVER, HAND, HARD METAL ",0806,51-9194.00,8000,TB
"ENGRAVER, HAND, SOFT METAL ",0147,51-9194.00,8000,TB
"ENGRAVER, MACHINE          ",0963,51-5112.00,8000,TB
"ENGRAVER, PANTOGRAPH I     ",0179,51-9194.00,8000,TB
"ENGRAVER, PICTURE (Prt&Pub)",0148,51-9194.00,2000,TB
ENGRAVING PRESS OPERATOR   ,0915,51-5112.00,6000,TB
ENVELOPE-FOLD-MACH ADJUSTER,0180,51-9196.00,6000,TB
ENVIRONMENTAL ANALYST      ,0648,19-2041.00,7000,TB
ENVIRONMENTAL CONTROL SYST. INSTALL/SERVICES (HVAC),0637R2,49-9021.01,8000,TB
EQUIPMENT INSTALLER (Tel & Tel),0165,49-2022.00,8000,TB
ESTIMATOR AND DRAFTER      ,0965,17-3012.02,8000,TB
"ETCHER, HAND (Prt & Pub)   ",0175,51-5111.00,10000,TB
"ETCHER, PHOTOENGRAVING     ",0182,51-5111.00,8000,TB
EXPER MECH MOTOR & BIKES   ,0184,51-4061.00,8000,TB
EXPERIMENTAL ASSEMBLER     ,0183,51-9061.00,4000,TB
EXPERIMENTAL ASSEMBLER     ,0183R,51-9061.00,8000,TB
EXPERIMENTAL AUTO (Product Engineering Layout and Assembly),**0184R,51-4061.00,7328,TB
EXPERIMENTAL LABORATORY PAINT TECHNICIAN,**0381R,51-9122.00,7328,TB
EXPERIMENTAL TEST MECHANIC,**0881R,51-9061.00,7328,TB
"EXTERMINATOR, TERMITE      ",1000,37-2021.00,4000,TB
EXTRUDER OPERATOR (Plastics),0185,51-4021.00,2000,TB
"FABRIC WORKER (Existing Title:  Patternmaker, All-Around) ",0857R,51-4062.00,5920,TB
FABRICATOR-ASSEMBLER METAL PROD,0833,51-2041.00,8000,TB
FACILITIES LOCATOR         ,0672,49-9098.00,4000,TB
FACILITY MANAGER,1056CB,11-9141.00,*CB,CB
FARM EQUIPMENT MECHANIC I,0187,49-3041.00,6000,TB
FARM EQUIPMENT MECHANIC II,0789,49-3041.00,8000,TB
"FARM WORKER, GENERAL I      ",0981,45-2091.00,2000,TB
"FARMER, GENERAL (Agric)    ",0177,11-9013.02,8000,TB
FASTENER TECHNOLOGIST      ,0808,51-4022.00,6000,TB
FENCE ERECTOR              ,0711,47-4031.00,6000,TB
FIELD ENGINEER (Radio & TV),0960,27-4012.00,8000,TB
FIELD SERVICE ENGINEER,0916,49-2094.00,4000,TB
FIELD SERVICE ENGINEER (Medical),0916CB,49-2094.00,*CB,CB
FIELD TECH CONCRETE/MASONRY INSPECT,1121HY,47-4011.00,3000-6000,HY
FIELD TECH SOIL/ASPHALT INSPECTOR,1122HY,47-4011.00,2400-6000,HY
FIELD TECH STEEL/WELD/FIREPROOF INSPECT,1123HY,47-4011.00,3000-6000,HY
FILM DEVELOPER             ,0921,51-9151.00,6000,TB
FILM LAB TECHNICIAN        ,0907,51-9151.00,6000,TB
FILM LAB TECHNICIAN I      ,0908,51-9151.00,6000,TB
FILM OR VIDEOTAPE EDITOR   ,0127,27-4032.00,8000,TB
FINANCIAL MANAGEMENT (Military Only) (Alternate Title: Finance Specialist),1083CB,43-3051.00,*CB,CB
"FINISHER, DENTURE          ",0181,51-9081.00,2000,TB
FIRE APPARATUS ENGINEER    ,0535,33-2011.01,6000,TB
FIRE CAPTAIN               ,0576,33-1021.01,6000,TB
FIRE DEPARTMENT TRAINING OFFICER,1087,13-1151.00,4000,TB
FIRE ENGINEER              ,0541,33-2011.01,2000,TB
FIRE FIGHTER               ,0195,33-2011.01,6000,TB
FIRE FIGHTER DIVER,1092,33-2011.01,7000,TB
FIRE FIGHTER PARAMEDIC,1091,33-2011.01,8000,TB
FIRE FIGHTER SPECIALIST WILDLAND,0544,33-2011.02,4000,TB
"FIRE FIGHTER, CRASH, FIRE  ",0192,33-2011.01,2000,TB
FIRE INSPECTOR             ,0516,33-2021.01,8000,TB
FIRE MARSHALL,1090,33-2021.02,4000,TB
FIRE MEDIC                 ,0754,33-2011.01,6000,TB
FIRE PREVENTION OFFICER,1089,33-1021.01,4000,TB
FIRE SUPPRESSION TECHNICIAN,1088,33-2011.02,4000,TB
FIRE-CONTROL MECHANIC,0193,55-3014.00,4000,TB
"FIRER, KILN (Pottery & Porc)",0188,51-9051.00,6000,TB
"FIRER, MARINE (Alternate Title: Fireman, Oiler & Watertender ) (Water Transportation) ",1052,51-8021.00,2115,TB
FISH & GAME WARDEN (Gov Ser),0902,33-3031.00,4000,TB
FISH HATCHERY WORKER       ,1024,45-2093.00,2000,TB
FITTER (Mach Shop)         ,0197,51-2041.00,4000,TB
FITTER I (Any Ind)         ,0189,51-2041.00,6000,TB
FIXTURE MAKER (Light Fix)  ,0198,51-4041.00,4000,TB
FLOOR COVER (Existing Title: Floor Layer),0199R,47-2042.00,8000,TB
FLOOR COVER LAYER (RR Equip),0201,47-2042.00,6000,TB
FLOOR LAYER                ,0199,47-2042.00,6000,TB
FLOOR LAYER (Alternate Title:  Floor Cover)               ,0199HY,47-2042.00,5200-8000,HY
FLOOR LAYER (Painters)           ,0199R-HY,47-2042.00,4132-6032,HY
FLORAL DESIGNER            ,0202,27-1023.00,2000,TB
FOLDING MACHINE OPERATOR,0194,51-5113.00,4000,TB
FORGE-SHOP-MACHINE REPAIRER,0203,49-9041.00,6000,TB
FORGING-PRESS OPERATOR I,0196,51-4022.00,2000,TB
FORM BUILDER (Const)       ,0206,47-2031.02,4000,TB
FORM BUILDER (Const)       ,0206HY,47-2031.02,3350-4600,HY
FORM BUILDER CARPENTER (Existing Title: Form Builder),0206R,47-2031.02,6000,TB
FORM BUILDER CARPENTER (Existing Title: Form Builder),0206R-HY,47-2031.02,2600-4000,HY
FORM BUILDER CARPENTER (Existing Title: Form Builder),0206R1-HY,47-2031.02,3900-6000,HY
"FORMER, HAND (Any Ind)     ",0200,51-2041.00,4000,TB
FORMING-MACHINE OPERATOR,0048,51-9041.00,8000,TB
FOUNDRY METALLURGIST       ,0207,17-2131.00,8000,TB
FOURDRINIER-MACHINE OPER,0204,51-9012.00,6000,TB
FOUR-SLIDE-MACHINE SETTER,0208,51-4081.00,4000,TB
FREEZER OPERATOR (Dairy)   ,0211,51-9193.00,2000,TB
FRETTED INSTRUMENT REPAIRER,0215,49-9063.00,6000,TB
FRONT-END MECHANIC,0209,49-3023.02,8000,TB
FUEL INJECTION SERVICER    ,0922,49-3023.02,8000,TB
FUEL SYSTEM MAINT WORKER   ,0610,49-9041.00,4000,TB
FUR CUTTER                 ,0220,51-9031.00,4000,TB
FUR DESIGNER               ,0224,27-1022.00,8000,TB
FUR FINISHER               ,0210,51-6031.00,4000,TB
FURNACE INSTALLER          ,0794,49-9021.01,6000,TB
FURNACE INSTALLER & REPAIRER ,0678,49-9021.01,8000,TB
FURNACE OPERATOR           ,0944,51-4051.00,8000,TB
FURNITURE DESIGNER,0225,27-1021.00,8000,TB
FURNITURE FINISHER         ,0212,51-7021.00,6000,TB
FURNITURE UPHOLSTERER      ,0213,51-6093.00,8000,TB
FURRIER                    ,0214,51-6052.00,8000,TB
"GANG SAWYER, STONE         ",0228,51-9032.00,4000,TB
GAS APPLIANCE SERVICER     ,0917,49-9031.00,6000,TB
GAS UTILITY WORKER         ,0594,49-9012.00,4000,TB
GAS-ENGINE REPAIRER,0230,49-3053.00,8000,TB
GAS-MAIN FITTER,0964,47-2152.01,8000,TB
GAS-METER MECHANIC I,0331,49-9012.00,6000,TB
GAS-REGULATOR REPAIRER,0232,49-9012.00,6000,TB
GAUGER (Petrol Prod)       ,0226,51-8093.00,4000,TB
GEAR HOBBER SET-UP OPERATOR,0241,51-4081.00,8000,TB
GEARCUT-MACHINIST SET-UP OPER. TOOL,0664,51-4081.00,6000,TB
GEAR-CUTTING-MACH SET-UP OPERATOR,0234,51-4081.00,6000,TB
GEM CUTTER (Jewelry)       ,0242,51-9071.06,6000,TB
GENERAL INSURANCE ASSOCIATE,2040HY,43-9041.01,2169-3476,HY
GEODETIC COMPUTATOR        ,0217,17-3031.02,4000,TB
GEOSPATIAL SPECIALIST,1062CB,17-1021.00,*CB,CB
GEOTHERMAL AND WELLDRILLING OPERATOR ,2006HY,47-5021.00,4000-6000,HY
GLASS BENDER (Fab Nec)     ,0218,51-9195.04,8000,TB
GLASS BLOWER               ,0219,51-9195.04,6000,TB
"GLASS BLOWER, LAB APPARATUS",0768,51-9195.04,8000,TB
GLASS INSTALLER (Auto Serv),0714,49-3022.00,4000,TB
GLASS-BLOWING-LATHE OPERATOR,0243,51-9195.04,8000,TB
GLAZIER,0221,47-2121.00,6000,TB
GLAZIER,0221HY,47-2121.00 ,5200-8000,HY
GLAZIER                    ,0221R,47-2121.00,8000,TB
GLAZIER                    ,0221R-HY,47-2121.00,2512-4192,HY
GLAZIER,0221R1-HY,47-2121.00,3900-6000,HY
"GLAZIER, ARCHITECTURAL ",0221R1,47-2121.00,4000,TB
"GLAZIER, STAINED GLASS     ",0222,47-2121.00,8000,TB
GRADER (Woodworking)       ,0984,51-9061.00,8000,TB
GRAPHIC DESIGNER           ,0010,27-1024.00,3000,TB
GREENSKEEPER II            ,0934,37-3011.00,4000,TB
GRINDER I (Clock & Watch)  ,0244,51-4033.00 ,8000,TB
GRINDER OP TOOL PRECISION  ,0671,51-4194.00,8000,TB
"GRINDER SET-UP OPERATOR, JIG     ",0635,51-4033.00,8000,TB
"GRINDER SET-UP OPERATOR, UNIVERSAL",0974,51-4194.00,8000,TB
"GUARD, SECURITY            ",0695HY,33-9032.00,3000-6000,HY
"GUARD, SECURITY OFFICER (Existing Title: Security Guard)        ",0695CL,33-9032.00,3000-6000,HY
"GUARD, SECURITY OFFICER Commercial Real Estate (Level 1) ",0695CL1,33-9032.00,3000-6000,HY
"GUARD, SECURITY OFFICER Health Care (Level 1)   ",0695CL2,33-9032.00,3000-6000,HY
"GUARD, SECURITY OFFICER Higher Education (Level 1)  ",0695CL3,33-9032.00,3000-6000,HY
"GUARD, SECURITY OFFICER Manufacturing and Industrial (Level 1)   ",0695CL4,33-9032.00,3000-6000,HY
"GUARD, SECURITY OFFICER Residential Communities (Level 1)  ",0695CL5,33-9032.00,3000-6000,HY
"GUARD, SECURITY OFFICER Shopping Mall (Level 1)    ",0695CL6,33-9032.00,3000-6000,HY
"GUARD, SECURITY OFFICER Manager (Level 2) ",0695CL7,33-9032.00,2000,HY
GUNSMITH,0229,51-4081.00,8000,TB
HAIR STYLIST (Existing Title:  Cosmetologist),0096A,39-5012.00,2000,TB
HARDENER-TOOL & DIE, **0586R,51-4111.00,7328,TB
HARNESS MAKER              ,0245,51-6041.00,6000,TB
HARPSICHORD MAKER          ,0248,51-7011.00,4000,TB
HAT BLOCK MAKER (Woodwork),0253,51-7011.00,6000,TB
HAZARDOUS-WASTE MATERIAL TECHNICIAN,0591,47-4099.00,4000,TB
HEAD SAWYER                ,0831,51-7041.00,6000,TB
HEALTH CARE SANITARY TECHNICIAN,0602,29-2099.00,2000,TB
HEALTH INFORMATION MANAGEMENT BUSINESS ANALYST,2027CB,13-1111.00,*CB,CB
HEALTH INFORMATION MANAGEMENT DATA ANALYST,2028CB,13-1111.00,*CB,CB
HEALTH INFORMATION MANAGEMENT HOSPITAL CODER,2029CB,29-2071.00,*CB,CB
HEALTH INFORMATION TECHNOLOGY SPECIALIST,2024HY,15-1151.00,2000,HY
HEALTH SUPPORT SPECIALIST (Existing Title:  Home Health Aide),1086AA-CL,31-1011.00,3000-6000,HY
HEALTH SUPPORT SPECIALIST (Activity Director) (Level 1),1086AA-CL1,31-1011.00,230-500,HY
HEALTH SUPPORT SPECIALIST (Dining Services) (Level 1),1086AA-CL2,31-1011.00,540-1080,HY
HEALTH SUPPORT SPECIALIST (Environmental Ser) (Level 1),1086AA-CL3,31-1011.00,510-1020,HY
HEALTH SUPPORT SPECIALIST (Certified Nurses Aide) (Level 2),1086AA-CL4,31-1011.00,500-1000,HY
HEALTH SUPPORT SPECIALIST (Home Health Aide) (Level 2),1086AA-CL5,31-1011.00,250-500,HY
HEALTH SUPPORT SPECIALIST (Medication Aide) (Level 2),1086AA-CL6,31-1011.00,750-1500,HY
HEALTH SUPPORT SPECIALIST (Rehabilitative Aide) (Level 2),1086AA-CL7,31-1011.00,200-400,HY
HEALTH SUPPORT SPECIALIST (Existing Title:  Home Health Aide),1086AA-HY,31-1011.00,2500-5000,HY
HEALTH UNIT COORDINATOR,1084,43-9061.00,2000,TB
HEAT TRANSFER TECHNICIAN,0257,17-3027.00,8000,TB
HEAT TREATER I             ,0233,51-4191.00,8000,TB
HEATING & AIR CONDITIONING MECHANIC & INSTALLER,0637R1,49-9021.01,8000,TB
HEATING & AIR-CONDITIONER INSTALL/SER,0637,49-9021.01,6000,TB
HEATING & AIR-CONDITIONER INSTALL/SER,0637CL,49-9021.01,8500-10000 ,HY
HEATING & AIR-CONDITIONER INSTALL/SER (Level I) ,0637CL1,49-9021.01,1700–2000 ,HY
HEATING & AIR-CONDITIONER INSTALL/SER (Level II),0637CL2,49-9021.01,3400–4000 ,HY
HEATING & AIR-CONDITIONER INSTALL/SER (Level III),0637CL3,49-9021.01,5100–6000 ,HY
"HEATING, VENTILATION, AIR CONDITIONING (Ex. Tit: Heating&Air Cond. Inst/Ser)",0637HY,49-9021.01,8500-10000,HY
"HEATING, VENTILATION, AIR CONDITIONING (Ex. Tit: Heating&Air Cond. Inst/Ser)",0637R,49-9021.01,8500,TB
HEAVY FORGER               ,0947,51-4022.00,8000,TB
HELP DESK TECHNICIAN,1131CB,15-1151.00,*CB,CB
HISTORIAN (Military Only),1074CB,19-3093.00,*CB,CB
HOME HEALTH AIDE (Alternate Title: Health Support Specialist),1086CL,31-1011.00,*CB,CB
HOME HEALTH AIDE (Level 1)(Disability Spec) ,1086CL1,31-1011.00,*CB,CB
HOME HEALTH AIDE (Level 2)(Hospice Spec ) ,1086CL2,31-1011.00,*CB,CB
HOME HEALTH AIDE (Level 3)(Mental Illness Spec) ,1086CL3,31-1011.00,*CB,CB
HOME HEALTH AIDE (Level 4)(Dementia Spec) ,1086CL4,31-1011.00,*CB,CB
HOME HEALTH AIDE (Level 5)(Mentor Spec) ,1086CL5,31-1011.00,*CB,CB
HOME HEALTH AIDE (Level 6)(Geriatric Spec) ,1086CL6,31-1011.00,*CB,CB
HOME HEALTH DIRECTOR,1108CB,11-9111.00,*CB,CB
HOME PERFORMANCE LABORER (Residential),2004,47-4099.03,2000,TB
HOME PERFORMANCE LABORER (Residential),2004R,47-4099.03,2000,TB
HORSE TRAINER              ,1001,39-2011.00,2000,TB
HORSESHOER                 ,0235,39-2021.00,4000,TB
HORTICULTURIST             ,0236,19-1013.00,6000,TB
HOTEL ASSOCIATE            ,1035,43-4081.00,4000,TB
HOTEL MANAGER,2032CB,11-9081.00,*CB,CB
"HOUSEKEEPER, COM, RES, IND ",0943,37-2012.00,2000,TB
HYDRAULIC PRESS SERVICE (Ordn),0783,49-9041.00,4000,TB
HYDRAULIC REPAIRER         ,0651,49-9041.00,8000,TB
HYDRO BLASTER/VACUUM TECHNICIAN,1110,53-7061.00,4000,TB
HYDRO BLASTER/VACUUM TECHNICIAN,1110HY,53-7061.00,2992-4032,HY
HYDROELECTRIC-MACHINERY MECHANIC,0237,49-9041.00,6000,TB
HYDROELECTRIC-STATION OPERATOR,0238,51-8013.00,6000,TB
HYDROMETER CALIBRATOR      ,0239,51-9061.00,4000,TB
ILLUSTRATOR (Profess & Kin) ,0240,27-1013.00,8000,TB
INDUSTRIAL DESIGNER        ,0016,27-1021.00,8000,TB
INDUSTRIAL ENGINEERING TECHNICIAN,0259,17-3026.00,8000,TB
INDUSTRIAL MACHINIST SYSTEM TECHNICIAN   ,1037,49-9041.00,4000,TB
INDUSTRIAL MAINTENANCE MECHANIC (Existing Title: Maintenance Mechanic),0308HY,49-9041.00,5200-8000,HY
INDUSTRIAL MAINTENANCE MECHANIC (Existing Title: Maintenance Mechanic),0308R-HY,49-9041.00,3900-6000,HY
INDUSTRIAL MAINTENANCE REPAIRER ,0311R,49-9071.00,8000,TB
INDUSTRIAL MANUFACTURING TECHNICIAN,2031HY,17-3029.09,2736,HY
INDUSTRIAL SEWING MACHINE OPERATOR,2058,51-6031.00,2058,TB
INFORMATION ASSURANCE SPECIALIST,1060CB,15-1142.00,*CB,CB
INFORMATION MANAGEMENT (Word Processing) (Military Only),1072CB,43-9022.00,*CB,CB
INFORMATION TECHNOLOGY SPECIALIST ,1132,15-1142.00,2782,TB
INFORMATION TECHNOLOGY SPECIALIST ,1132CB,15-1142.00,*CB,CB
INJECTION-MOLDING-MACHINIST OPERATOR,0246,51-4072.00,2000,TB
"INSPECTOR, BUILDING        ",0941,47-4011.00,6000,TB
"INSPECTOR, ELECTROMECHANIC ",0968,51-9061.00,8000,TB
"INSPECTOR, METAL FABRICATE ",0697,51-9061.00,8000,TB
"INSPECTOR, MOTOR VEHICLES  ",0581,53-6051.07,4000,TB
"INSPECTOR, OUTSIDE PRODUCT ",0380,51-9061.00,8000,TB
"INSPECTOR, PRECISION       ",0424,51-9061.00,4000,TB
"INSPECTOR, QUALITY ASSURANCE",0992,13-1041.04,6000,TB
"INSPECTOR, SET-UP & LAY-OUT (Alternate Title: Senior Noncommissioned Logistician) ",0636,51-9061.00,8000,TB
INSTRUMENT MAKER           ,0251,51-4041.00,8000,TB
INSTRUMENT MAKER & REPAIRER,0254,51-4041.00,10000,TB
"INSTRUMENT MECH, WEAPONS SYSTEM ",0996,17-3023.01,8000,TB
INSTRUMENT MECHANIC (Any Ind)  ,0644,17-3023.01,8000,TB
INSTRUMENT REPAIRER (Any Ind) ,0775,17-3023.01,8000,TB
INSTRUMENT TECHNICIAN (Utilities)  ,0252,17-3023.01,8000,TB
INSTRUMENTATION TECHNICIAN ,0255,17-3023.01,8000,TB
INSULATION WORKER,0909,47-2032.00,8000,TB
INSULATION WORKER,0909HY,47-2032.00,3900-6000,HY
INSULATION WORKER,0909R-HY,47-2032.00,5200-8000,HY
INSULATOR (Thermal) (Existing Title:  Insulation Worker) ,0909R1,47-2132.00   ,5920,TB
INTERIOR DESIGNER          ,0265,27-1025.00,4000,TB
"INTERIOR SYSTEMS CARPENTER (Existing Title: Carpenter, Interior Systems)",0653R-HY,47-2031.01,3900-6000,HY
INTERNETWORKING TECHNICIAN ,1038,15-1143.00,5000,TB
"INVESTIGATOR, PRIVATE      ",0579,33-9021.00,2000,TB
IT GENERALIST,1059CB,15-1199.00,*CB,CB
IT PROJECT MANAGER,1048CB,11-3021.00,*CB,CB
JACQUARD-LOOM WEAVER,0270,51-6063.00,8000,TB
JACQUARD-PLATE MAKER,0258,51-6063.00,2000,TB
JEWELER                    ,0260,51-9071.01,4000,TB
JIG BUILDER (Wood Contain) ,0261,51-7031.00,4000,TB
JOB MOLDER,**0349R,51-4071.00,7328,TB
JOB PRINTER                ,0262,51-5112.00,8000,TB
JOINER (Ship & Boat Bldg)  ,0264,47-2031.01,8000,TB
KEYBOARDER/PROOFREADER (Existing Title:  Compositor),0087R,51-5022.01,7168,TB
KILN OPERATOR (Woodworking),0266,51-9051.00,6000,TB
KNITTER MECHANIC           ,0273,51-6063.00,8000,TB
KNITTING MACHINE FIXER,0850,51-6063.00,8000,TB
LABORATORY ASSISTANT,0267,19-4091.00,6000,TB
"LABORATORY ASST, METALLURGICAL ",0621,17-3029.00,4000,TB
LABORATORY TECHNICIAN,0268,19-4031.00,2000,TB
LABORATORY TESTER          ,0269,19-4031.00,4000,TB
LANDSCAPE GARDENER         ,0271,37-3011.00,8000,TB
LANDSCAPE MANAGEMENT TECHNICIAN ,0574,37-3011.00,2000,TB
LANDSCAPE TECHNICIAN       ,0571,37-3011.00,4000,TB
LAST-MODEL MAKER,0275,51-7011.00,8000,TB
LATHER (Alternate Title: Lathing Specialist)        ,0272,47-2031.01,6000,TB
LATHING SPECIALIST (Existing Title: Lather),0272HY,47-2031.01,3900-6000,HY
LATHING SPECIALIST (Existing Title: Lather),0272R,47-2031.01,8000,TB
LAUNDRY-MACHINE MECHANIC,0691,49-9041.00,6000,TB
LAY-OUT TECHNICIAN,0554,51-9083.00,8000,TB
LAY-OUT WORKER I (Any Ind),0825,51-4192.00,8000,TB
LEAD BURNER                ,0274,51-4121.06,8000,TB
LEATHER STAMPER            ,0935,51-6041.00,2000,TB
LEGAL SECRETARY            ,0800,43-6012.00,2000,TB
LETTERER (Profess & Kin)   ,0280,51-5112.00,4000,TB
LIGHT TECHNICIAN           ,0276,27-4011.00,8000,TB
LINE ERECTOR (POWER-LINE DISTRIBUTION ERECTOR)               ,0281,49-9051.00,6000,TB
LINE INSTALLER-REPAIRER,0282,49-9052.00,8000,TB
LINE MAINTAINER (Alternate Title:  High Voltage Electrician),0283,49-9051.00,8000,TB
LINE MAINTAINER (Alternate Title:  High Voltage Electrician)    ,0283R,49-9051.00,7000,TB
LINE REPAIRER              ,0284,49-9051.00,6000,TB
LINER (Pottery & Porc)     ,0279,51-9123.00,6000,TB
LINOTYPE OPERATOR (Prt & Pub),0286,51-5111.00,10000,TB
LITHOGRAPH PRESS OPERATOR,0683CL,51-5112.00,*CB,CB
"LITHOGRAPH PRESS OPERATOR, (Level 1) Small Press",0683CL1,51-5112.00,*CB,CB
"LITHOGRAPH PRESS OPERATOR, (Level 2) Press Feeder Operation ",0683CL2,51-5112.00,*CB,CB
"LITHOGRAPH PRESS OPERATOR, (Level 3) Large Sheetfed",0683CL3,51-5112.00,*CB,CB
"LITHOGRAPH PRESS OPERATOR, (Level 4) Web Press Jogger",0683CL4,51-5112.00,*CB,CB
"LITHOGRAPH PRESS OPERATOR, (Level 5) Web Press Tender ",0683CL5,51-5112.00,*CB,CB
"LITHOGRAPH PRESS OPERATOR, (Level 6) Web Press Operator ",0683CL6,51-5112.00,*CB,CB
"LITHOGRAPH PRESS OPERATOR, TINWARE",0683,51-5112.00,8000,TB
LITHOGRAPHIC PLATEMAKER    ,0063,51-5111.00,8000,TB
LOAD DISPATCHER,1047,51-8012.00,8000,TB
LOCKSMITH,0289,49-9049.00,8000,TB
LOCOMOTIVE ENGINEER        ,0287,53-4011.00,8000,TB
LODGING MANAGER (Existing Title: Hotel Manager),2032R-CB,11-9081.00,*CB,CB
LOFT WORKER (Ship & Boat)  ,0290,51-7031.00,8000,TB
"LOGGER, ALLROUND",0900,45-4021.00,4000,TB
LOGGING-EQUIPMENT MECHANIC,0299,49-3042.00,8000,TB
LOGISTICS ENGINEER         ,0632,17-2112.00,8000,TB
LONG TERM CARE NURSE MANAGEMENT ,1105CL,11-9111.00,*CB,CB
LONG TERM CARE NURSE MANAGEMENT  (Level 1),1105CL1,11-9111.00,*CB,CB
"LONG TERM CARE NURSE MANAGEMENT, Charge Nurse Specialty (Level 2)",1105CL2,11-9111.00,*CB,CB
"LONG TERM CARE NURSE MANAGEMENT, Infection Control Specialty (Level 2)",1105CL3,11-9111.00,*CB,CB
"LONG TERM CARE NURSE MANAGEMENT, Quality Assurance Specialty (Level 2)",1105CL4,11-9111.00,*CB,CB
"LONG TERM CARE NURSE MANAGEMENT, Resident Assessment Specialty (Level 2)",1105CL5,11-9111.00,*CB,CB
"LONG TERM CARE NURSE MANAGEMENT, Staff Development Specialty (Level 2)",1105CL6,11-9111.00,*CB,CB
LOOM FIXER                 ,0841,51-6063.00,6000,TB
LUBRICATION SER MATERIAL DISPOSAL TECH,1050,49-9099.00,4000,TB
MACHINE ASSEMBLER          ,0301,51-2031.00,4000,TB
MACHINE BUILDER            ,0291,51-2031.00,4000,TB
MACHINE BUILDER            ,0291CB,51-2031.00,*CB,CB
MACHINE ERECTOR            ,0293,49-9044.00,8000,TB
MACHINE FIXER (Carpet & Rug),0302,49-9041.00,8000,TB
MACHINE FIXER (Textile)    ,0305,51-6064.00,6000,TB
MACHINE OPERATOR I         ,0511,51-4081.00,2000,TB
MACHINE REPAIRER,**0292R,49-9041.00,7328,TB
"MACHINE REPAIRER, MAINTENANCE ",0292,49-9041.00,8000,TB
MACHINE SETTER (Any Ind)   ,0938,51-4081.00,8000,TB
MACHINE SETTER (Clock)     ,0317,51-4081.00,8000,TB
MACHINE SETTER (Mach Shop) ,0263,51-4081.00,6000,TB
MACHINE SETTER (Woodwork)  ,0321,51-7042.00,8000,TB
"MACHINE SET-UP OPER, PAPER",0327,51-9196.00,8000,TB
MACHINE SET-UP OPERATOR,0958,51-4081.00,4000,TB
MACHINE TRYOUT SETTER,0659,51-4081.00,8000,TB
MACHINIST (Alternate Title:  Precision Machinist)              ,0296,51-4041.00,8000,TB
MACHINIST (Alternate Title:  Precision Machinist),0296CB,51-4041.00,*CB,CB
MACHINIST (Alternate Title:  Precision Machinist),0296R,51-4041.00,5920,TB
"MACHINIST, AUTOMOTIVE      ",0294,51-4041.00,8000,TB
"MACHINIST, EXPERIMENTAL    ",0295,51-4041.00,8000,TB
"MACHINIST, LINOTYPE        ",0297,49-9041.00,8000,TB
"MACHINIST, MARINE ENGINE   ",0298,49-3031.00,8000,TB
"MACHINIST, MOTIONPIC EQUIPMENT",0191,49-9061.00,4000,TB
"MACHINIST, OUTSIDE (Ship)",0300,51-4041.00,8000,TB
"MACHINIST, WOOD            ",0303,51-7011.00,8000,TB
MAGNETIC RESONANCE IMAGING TECH,1115,29-2034.00,1856,TB
MAILER,0304,43-9051.00,8000,TB
MAINT MECHANIC (Any Ind) (Alternate Title: Industrial Maintenance Mechanic)       ,0308,49-9041.00,8000,TB
MAINT MECHANIC (Const; Petrol) (Alternate Title: Heavy-Wheel Vehicle Mechanic ) ,0022,49-3031.00,8000,TB
MAINT MECHANIC (Grain & Feed)  ,0307,49-9041.00,4000,TB
"MAINT REPAIRER, INDUSTRIAL ",0311,49-9071.00,8000,TB
MAINTENANCE MACHINIST      ,0306,51-4041.00,8000,TB
"MAINTENANCE MECH, COMPGAS",0020,49-9041.00,8000,TB
"MAINTENANCE MECHANIC, TELEPHONE ",0309,49-2022.00,6000,TB
"MAINTENANCE REPAIRER, BUILD",0310,49-9071.00,4000,TB
MAINTENANCE TECH MUNICIPAL,1049,47-2061.00,4000,TB
MAKER PROFESSIONAL (Existing Title:  Machine Operator 1),0511R,51-4081.00 ,2000,TB
MAMMOGRAPHY TECHNOLOGIST,1117,29-2034.00,1856,TB
"MANAGER, FOOD SERVICE      ",0593,11-9051.00,6000,TB
"MANAGER, HOUSEHOLD (Private Residence)",1061,37-1011.00,4000,TB
"MANAGER, RETAIL STORE      ",0578,41-1011.00,6000,TB
"MANAGER, RETAIL STORE (Store Manager)      ",0578CL,41-1011.00,*CB,CB
"MANAGER, RETAIL STORE (Level 1 Shift Supervisor )    ",0578CL1,41-1011.00,*CB,CB
"MANAGER, RETAIL STORE (Level 2 Assistant Store Manager )    ",0578CL2,41-1011.00,*CB,CB
MARBLE FINISHER            ,0973,47-3011.00,4000,TB
MARBLE FINISHER            ,0973HY,47-3011.00,3500-4000,HY
MARBLE SETTER              ,0313,47-2044.00,6000,TB
MARBLE SETTER              ,0313HY,47-2044.00,4500-8000,HY
MARBLE SETTER ,0313R,47-2044.00,8000,TB
MARINE ELECTRICIAN (Existing Title:  Electrician [Ship & Boat]) ,0771R1,47-2111.00,5840,TB
"MARINE MACHINERY MECHANIC (Existing Title:  Machine Repairer, Maintenance) ",0292R,49-9041.00,5920,TB
MARINE PIPEFITTER (Existing Title:  Pipe Fitter [Ship & Boat]),0412R2,47-2152.01,5920,TB
MARINE SERVICES TECHNICIAN,0946,49-9071.00,6000,TB
MASTER HOMELAND SECURITY SPECIALIST,2003,33-3051.01,4000,TB
MATERIAL COORDINATOR  (Alt Titles: Automated Logistical /Unit Supply Specialists )    ,0856,43-5061.00,4000,TB
MATERIALS ENGINEER         ,0328,17-2131.00,10000,TB
MEAT CUTTER                ,0316,51-3021.00,6000,TB
MECH ENGINEERING TECHNICIAN,0777,17-3027.00,8000,TB
"MECHANIC, ENDLESS TRACK VEH",0319,49-3042.00,8000,TB
"MECHANIC, INDUSTRIAL TRUCK (Alternate Titles: Diesel Mech/Power-Gen Equip Rep) ",0153,49-3031.00,8000,TB
MECHANICAL-UNIT REPAIRER,0337,49-3043.00,8000,TB
MECHATRONICS TECHNICIAN,2014,49-2094.00,8000,TB
MECHATRONICS TECHNICIAN,2014CB,49-2094.00,*CB,CB
MEDICAID DISABILITY CLAIMS ADJUDICATOR,1120,23-1021.00,6000,TB
MEDICAL ASSISTANT,1085,31-9092.00,4000,TB
MEDICAL ASSISTANT,1085CB,31-9092.00,*CB,CB
MEDICAL CODER  (Alternate Title: Patient Administration Specialist) ,1114,29-2071.00,2712,TB
MEDICAL SECRETARY          ,0751,43-6013.00,2000,TB
MEDICAL TRANSCRIPTIONIST,1111HY,31-9094.00,4000,HY
MEDICAL-LABORATORY TECHNICIAN (Alternate Title: Medical Laboratory Specialist ) ,0323,29-2012.00,4000,TB
METAL FABRICATOR           ,0325,51-2041.00,8000,TB
METEOROLOGICAL EQUIPMENT REPAIRER,0329,49-2094.00,8000,TB
METEOROLOGIST              ,0940,19-2021.00,6000,TB
METER REPAIRER (Any Ind)   ,0332,49-9012.00,6000,TB
MICROBIOLOGY QUALITY CONTROL TECH,1135HY,19-4021.00,2000-3000,HY
MILITARY EQUAL OPPORTUNITY (Military Only),1077CB,13-1041.03,*CB,CB
"MILLER, WET PROCESS        ",0333,51-9021.00,6000,TB
MILLING MACHINE SET-UP OPERATOR,0334,51-4035.00,4000,TB
MILLWRIGHT                 ,0335,49-9044.00,8000,TB
MILLWRIGHT,0335HY,49-9044.00,6500-10000,HY
MILLWRIGHT                 ,**0335R,49-9044.00,7328,TB
MILLWRIGHT,0335R1,49-9044.00,10000,TB
MILLWRIGHT                 ,0335R-HY,49-9044.00,5200-8000,HY
MINE INSPECT. (Gov) Metal-Nonmetal,1028,17-2151.00,8000,TB
MINE INSPECTOR (Gov) Coal  ,1029,17-2151.00,8000,TB
MINE-CAR REPAIRER,0350,49-3043.00,4000,TB
MINER I (Mine & Quarry)    ,0354,47-5081.00,2000,TB
MOCKUP BUILDER (Aircraft),0358,51-4061.00,8000,TB
MODEL & MOLD MAKER (Brick) ,0343,51-9199.00,4000,TB
"MODEL & MOLD MAKER, PLASTER ",0344,51-9199.00,8000,TB
MODEL BUILDER (Furn)       ,0339,51-4061.00,4000,TB
MODEL MAKER (Aircraft)     ,0341,51-7031.00,8000,TB
MODEL MAKER (Auto Mfg) (Alternate Title:  Model Making-Metal)     ,0491,51-4061.00,7424,TB
MODEL MAKER (Clock & Watch),0363,51-4061.00,8000,TB
MODEL MAKER (Pottery & Porc) ,0340,51-9195.05,4000,TB
MODEL MAKER II (Jewelry)   ,0773,51-9071.01,8000,TB
"MODEL MAKER, FIREARMS      ",0780,51-4061.00,8000,TB
"MODEL MAKER, WOOD          ",0342,51-7031.00,8000,TB
MODEL MAKER-WOOD,**0342R,51-7031.00,7328,TB
MODEL MAKING-METAL (Existing Title: Model Maker (Auto Mfg)),**0491R,51-4061.00,7328,TB
MOLD DESIGNER (Plastics Ind),1030,17-3013.00,8000,TB
MOLD MAKER (Pottery & Porc),0345,51-9071.01,6000,TB
MOLD MAKER I (Jewelry)     ,0346,51-9071.01,8000,TB
MOLD MAKER II (Jewelry)    ,0347,51-9071.01,4000,TB
"MOLD MAKER, DIE-CAST & PLASTER",0116,51-4111.00,8000,TB
MOLD SETTER                ,0348,51-4072.00,2000,TB
MOLDER,0349,51-4071.00,8000,TB
"MOLDER, PATTERN (Foundry)  ",0351,51-4072.00,8000,TB
MONOTYPE-KEYBOARD OPERATOR,0367,51-5111.00,6000,TB
MONUMENT SETTER (Const)    ,0352,47-2022.00,8000,TB
MOSAIC WORKER              ,0353,47-2044.00,6000,TB
MOSAIC WORKER              ,0353HY,47-2044.00,4500-8000,HY
MOSAIC WORKER              ,0353R,47-2044.00,8000,TB
MOTORBOAT MECHANIC         ,0355,49-3051.00,6000,TB
MOTORCYCLE REPAIRER        ,0356,49-3052.00,6000,TB
MOTOR-GRADER OPERATOR,0932,47-2073.00,6000,TB
MULTI OPERATION FORM MACHINIST SETTER,0931,51-4199.00,8000,TB
MULTI-OPERATION-MACHINE OPERATOR,0371,51-4022.00,6000,TB
MULTI-STORY WINDOW/BUILD   ,0688,37-2011.00,6000,TB
MUNITIONS SYSTEMS  (Military Only),1071CB,47-5031.00,*CB,CB
NEON-SIGN SERVICER,0692,47-2111.00,8000,TB
NETWORK AND COMPUTER SYSTEMS ADMINISTRATOR (Alternate Title: IT Specialist),1132HY,15-1142.00,2060-3032 ,HY
NETWORK SUPPORT TECHNICIAN,1132R-CB,15-1142.00,*CB,CB
NON-DESTRUCTIVE TESTER      ,1010,17-3029.00,2000,TB
NON-DESTRUCTIVE TESTER      ,1010CL,17-3029.00,*CB,CB
NON-DESTRUCTIVE TESTER/Acoustic Emm Tech (Level 1),1010CL1,17-3029.00,*CB,CB
NON-DESTRUCTIVE TESTER/Acoustic Emm Tech (Level 2),1010CL2,17-3029.00,*CB,CB
NON-DESTRUCTIVE TESTER/Eddy Current Tech (Level 1),1010CL3,17-3029.00,*CB,CB
NON-DESTRUCTIVE TESTER/Eddy Current Tech (Level 2),1010CL4,17-3029.00,*CB,CB
NON-DESTRUCTIVE TESTER/Leak Test Bubble Tech (Level 1),1010CL5,17-3029.00,*CB,CB
NON-DESTRUCTIVE TESTER/Leak Test Bubble Tech (Level 2),1010CL6,17-3029.00,*CB,CB
NON-DESTRUCTIVE TESTER/Lk Tst Halogen Diode (Level 1),1010CL7,17-3029.00,*CB,CB
NON-DESTRUCTIVE TESTER/Lk Tst Halogen Diode (Level 2),1010CL8,17-3029.00,*CB,CB
NON-DESTRUCTIVE TESTER/Lk Tst Mass Spec Tec (Level 1),1010CL9,17-3029.00,*CB,CB
NON-DESTRUCTIVE TESTER/Lk Tst Mass Spec Tech (Level 2),1010CL10,17-3029.00,*CB,CB
NON-DESTRUCTIVE TESTER/Lk Tst Pres Chng Tech (Level 1),1010CL11,17-3029.00,*CB,CB
NON-DESTRUCTIVE TESTER/Lk Tst Pres Chng Tech (Level 2),1010CL12,17-3029.00,*CB,CB
NON-DESTRUCTIVE TESTER/Magnetic Particle Tech (Level 1),1010CL13,17-3029.00,*CB,CB
NON-DESTRUCTIVE TESTER/Magnetic Particle Tech  (Level 2),1010CL14,17-3029.00,*CB,CB
NON-DESTRUCTIVE TESTER Penetrant Tech (Level 1),1010CL15,17-3029.00,*CB,CB
NON-DESTRUCTIVE TESTER Penetrant Tech (Level 2),1010CL16,17-3029.00,*CB,CB
NON-DESTRUCTIVE TESTER/Penetrant Tech  (Level 2 Limited),1010CL17,17-3029.00,*CB,CB
NON-DESTRUCTIVE TESTER/Radiographic Tech (Level 1),1010CL18,17-3029.00,*CB,CB
NON-DESTRUCTIVE TESTER/Radiographic Tech (Level 2),1010CL19,17-3029.00,*CB,CB
NON-DESTRUCTIVE TESTER/Radiographic Tech (Level 2 Limited),1010CL20,17-3029.00,*CB,CB
NON-DESTRUCTIVE TESTER/Thermal Infrared Tech (Level 1),1010CL21,17-3029.00,*CB,CB
NON-DESTRUCTIVE TESTER/Thermal Infrared Tech (Level 2),1010CL22,17-3029.00,*CB,CB
NON-DESTRUCTIVE TESTER/Ultrasonic Technician (Level 1),1010CL23,17-3029.00,*CB,CB
NON-DESTRUCTIVE TESTER/Ultrasonic Technician (Level 2),1010CL24,17-3029.00,*CB,CB
NON-DESTRUCTIVE TESTER/UltrasonicTech (Level 2 Limited),1010CL25,17-3029.00,*CB,CB
NON-DESTRUCTIVE TESTER/Visual Technician (Level 1),1010CL26,17-3029.00,*CB,CB
NON-DESTRUCTIVE TESTER/Visual Technician (Level 1),1010CL27,17-3029.00,*CB,CB
NONDESTRUCTIVE TESTING (NDT) (Existing Title:  Non-Destructive Tester) ,1010R,17-3029.00,5920,TB
NUMERICAL CONTROL MACHINIST OPER,0845,51-4011.00,8000,TB
NUMERICAL CONTROL MACHINIST OPER,0845R,51-4011.00,4000,TB
NURSE ASSISTANT            ,0824,31-1014.00,2000,TB
NURSE ASSISTANT CERTIFIED (Existing Title: Nurse Assistant),0824CL,31-1014.00,*CB,CB
NURSE ASSISTANT CERTIFIED (Level 1)  ,0824CL1,31-1014.00,*CB,CB
NURSE ASSISTANT CERTIFIED (Level 2 (Adv))   ,0824CL2,31-1014.00,*CB,CB
NURSE ASSISTANT CERTIFIED (Level 3 (Dem Spec))  ,0824CL3,31-1014.00,*CB,CB
NURSE ASSISTANT CERTIFIED (Level 3 (Ger Spec)),0824CL4,31-1014.00,*CB,CB
NURSE ASSISTANT CERTIFIED (Level 3 (Med Aide)),0824CL5,31-1014.00,*CB,CB
NURSE ASSISTANT CERTIFIED (Level 3 (Men Spec)),0824CL6,31-1014.00,*CB,CB
NURSE ASSISTANT CERTIFIED (Level 3 (Rest Spec))  ,0824CL7,31-1014.00,*CB,CB
"NURSE, LICENSED PRACTICAL  ",0837,29-2061.00,2000,TB
OFFICE MANAGER/ADMIN SERVICES        ,1033,11-3011.00,4000,TB
OFFICE-MACHINE SERVICER,0359,49-2011.00,6000,TB
OFFICER IN CHARGE OF NAVIG WATCH,1104,53-5021.02,3000,TB
OFFSET PLATE MAKER/PRE-PRESS (Existing Title: Lithographic Platemaker),0063,51-5111.00,7167,TB
OFFSET-PRESS OPERATOR I,0361,51-5112.00,8000,TB
OFFSET PRESSPERSON (Existing Title: Offset Press Operator 1),0361R,51-5023.00,7168,TB
OIL BURNER-SERVICER & INSTALLER,0966,49-9021.01,4000,TB
OIL FIELD EQUIP MECHANIC,0364,49-3031.00,4000,TB
OIL FIELD EQUIP MECHANIC(Op I Frac-Acd) ,0364CB,49-3031.00,*CB,CB
OPERATING ENGINEER  (Alternate Title:  Heavy Construction Equipment Mechanic),0365,47-2073.00,6000,TB
OPERATING ENGINEER        ,0365HY,47-2073.00,4000-6000,HY
OPERATIONAL TEST MECHANIC  ,0959,51-9061.00,6000,TB
OPERATIONS ASSISTANT (ENERGY), 2049CB,13-1199.03 ,*CB,CB
OPERATIONS INTELLIGENCE (Military Only),1066CB,55-3015.00,*CB,CB
OPERATIONS RESOURCE FLIGHT/Jump Management (Military Only),1064CB,53-2022.00,*CB,CB
OPHTHALMIC DISPEN OPT/CONTACT LENS,0089HY,29-2081.00,6000+,HY
OPTICAL INSTRUMENT ASSEMBLY,0250,51-9083.00,4000,TB
OPTICIAN (Op Gds; Ret Tr) (Alternate Title: Optical Laboratory Specialist )   ,0032,51-9083.00,10000,TB
OPTICIAN (Optical Goods)   ,0377,51-9083.00,8000,TB
OPTICIAN DISPENSING,0089,29-2081.00,4000,TB
OPTICS MANUFACTURING TECHNICIAN,2045CB,17-3029.08,*CB,CB
OPTOMECHANICAL TECHNICIAN  ,0368,17-3027.00,8000,TB
ORDNANCE ARTIFICER (Gov Ser),0372,55-3014.00,6000,TB
ORNAMENTAL IRONWORKER (Alternate Title: Architectural & Ornamental Ironworker),0373,47-4099.00,8000,TB
ORNAMENTAL IRONWORKER (Alternate Title: Architectural & Ornamental Ironworker),0373HY,47-4099.00,6000-8000,HY
ORNAMENTAL IRONWORKER (Alternate Title: Architectural & Ornamental Ironworker),0373R,47-4099.00,6000,TB
ORNAMENTAL IRONWORKER (Alternate Title: Architectural & Ornamental Ironworker),0373R-HY,47-4099.00,4200-6000,HY
ORNAMENTAL IRONWORKER/ARCHITECT (Existing Title: Ornamental Ironworker)  ,0373R1-HY,47-4099.00,5600-8000,HY
ORNAMENTAL METAL WORKER ,0374,51-4081.00,8000,TB
ORTHO-BOOT-SHOE DESIGNER MAKER,0910,51-6041.00,10000,TB
ORTHODONTIC TECHNICIAN     ,0375,51-9081.00,4000,TB
ORTHOTICS TECHNICIAN       ,0911,51-9082.00,2000,TB
ORTHOTIST                  ,0458,29-2091.00,8000,TB
OUTBOARD MOTOR MECHANIC,0378,49-3051.00,4000,TB
OUTBOARD TECHNICIAN (Alternate Title: Outboard-Motor Mechanic),0378R,49-3051.00,4000,TB
OVERHAULER (Textile)       ,0384,49-9041.00,4000,TB
OVERHEAD DOOR INSTALLER,0104,49-9011.00,8000,TB
"PAINTER  (Existing Title:  Painter, Shipyard) ",0385R,47-2141.00,5920,TB
PAINTER (Const)            ,0379,47-2141.00,6000,TB
PAINTER (Professional and Kindred)    ,0626,27-1013.00,2000,TB
"PAINTER, HAND (Any Ind)    ",0383,51-9123.00,6000,TB
"PAINTER, INDUST COATING AND LINING APP SPECIALIST",2009HY,47-2141.00,4632-6032 ,HY
"PAINTER, SHIPYARD          ",0385,47-2141.00,6000,TB
"PAINTER, SIGN              ",0386,51-9199.00,8000,TB
"PAINTER, TRANS EQUIPMENT   ",0381,51-9122.00,6000,TB
PAINTER-DECORATOR (Painter Const),0379HY,47-2141.00,4572-7052,HY
PANTOGRAPH-MACHINE SET-UP OPER,0389,51-4035.00,4000,TB
PAPERHANGER                ,0390,47-2142.00,4000,TB
PARALEGAL (Alternate Title: Paralegal Specialist)             ,1003,23-2011.00,6000,TB
PARAMEDIC (Alternate Title: Health Care Specialist)                ,0543,29-2041.00,4000,TB
PASTE-UP ARTIST,0392,51-5111.00,6000,TB
PATTERNMAKER (Metal Prod)  ,0394,51-4062.00,8000,TB
PATTERNMAKER (Stonework)   ,0796,51-4062.00,8000,TB
PATTERNMAKER (Textiles)     ,0710,51-6092.00,6000,TB
"PATTERNMAKER, ALL-AROUND",0857,51-4062.00,10000,TB
"PATTERNMAKER, METAL        ",0395,51-4062.00,10000,TB
"PATTERNMAKER, METAL, BENCH",0396,51-4062.00,10000,TB
"PATTERNMAKER, PLASTER      ",0397,51-9199.00,6000,TB
"PATTERNMAKER, PLASTICS     ",0923,51-4062.00,6000,TB
"PATTERNMAKER, WOOD         ",0398,51-7032.00,10000,TB
PATTERNMAKING-METAL,**0395R,51-4062.00,7328,TB
PATTERNMAKING-WOOD,**0398R,51-7032.00,7328,TB
PAVEMENT STRIPER,1042,47-2141.00,4000,TB
PEER SPECIALIST (Bureau of Prisons Only),2039,21-1093.00,2000,TB
PERSONNEL SYSTEMS MANAGEMENT (Military Only) (Alt Title: Human Resource Spec),1078CB,43-4161.00,*CB,CB
PEWTER CASTER,0982,51-9071.07,6000,TB
PEWTER FABRICATOR          ,0986,51-9071.07,8000,TB
PEWTER FINISHER            ,0983,51-9071.07,4000,TB
PEWTER TURNER (SILVERWARE)   ,0987,51-9071.07,8000,TB
PEWTERER                   ,0988,51-9071.07,4000,TB
PHARMACIST ASSISTANT (Alternate Title: Pharmacy Technician)   ,0844,29-2052.00,2000,TB
PHARMACY SUPPORT STAFF (Alternate Title: Pharmacy Specialist) ,0844CL,29-2052.00,*CB,CB
PHARMACY SUPPORT STAFF (Level 1 Pharm Service Assoc),0844CL1,29-2052.00,*CB,CB
PHARMACY SUPPORT STAFF (Level 2 Pharm Support Tech),0844CL2,29-2052.00,*CB,CB
PHARMACY SUPPORT STAFF (Level 3 Lead Pharm Tech),0844CL3,29-2052.00,*CB,CB
PHARMACY TECHNICIAN,0844CB,29-2052.00,*CB,CB
"PHARMACY TECHNICIAN, RETAIL STORE (Existing Title:  Pharmacist Assistant)",0844R-CL,29-2052.00,*CB,CB
"PHARMACY TECHNICIAN, RETAIL STORE (Level 1 Pharmacy Technician)",0844R-CL1,29-2052.00,*CB,CB
"PHARMACY TECHNICIAN, RETAIL STORE (Level 2 Lead Technician)",0844R-CL2,29-2052.00,*CB,CB
PHLEBOTOMIST,2036,31-9097.00,2000,TB
PHOTOCOMPOSING-PERFORAT-MA,0285,43-9021.00,4000,TB
PHOTOENGRAVER              ,0399,51-5111.00,10000,TB
PHOTOENGRAVING FINISHER    ,0400,51-5111.00,10000,TB
PHOTOENGRAVING PRINTER     ,0401,51-5111.00,10000,TB
PHOTOENGRAVING PROOFER     ,0402,51-5111.00,10000,TB
PHOTO-EQUIPMENT TECHNICIAN,0924,49-9061.00,6000,TB
PHOTOGRAMMETRIC TECHNICIAN ,0546,17-3031.02,6000,TB
PHOTOGRAPH RETOUCHER       ,0912,51-9151.00,6000,TB
"PHOTOGRAPHER, LITHOGRAPHIC ",0685,51-5111.00,10000,TB
"PHOTOGRAPHER, MOTION PICTURE       ",0402,27-4031.00,6000,TB
"PHOTOGRAPHER, PHOTOENGRAV",0405,51-5111.00,12000,TB
"PHOTOGRAPHER, STILL        ",0403,27-4021.00,6000,TB
PHOTOGRAPHIC EQUIPMENT MAINTENANCE,0563,49-9061.00,6000,TB
PHOTOGRAPHIC-PLATE MAKER,0407,51-5111.00,8000,TB
PHYSICAL THERAPY AIDE,2011,31-2022.00,2000,TB
PIANO TECHNICIAN           ,0408,49-9063.00,8000,TB
PIANO TUNER                ,0793,49-9063.00,6000,TB
PILE DRIVER,1009R1,47-2031.02,8000,TB
PILE DRIVER,1009R1-HY,47-2031.02,5200-8000,HY
"PILOT, SHIP                ",0623,53-5021.03,3000,TB
"PINSETTER ADJUSTER, AUTOMATIC ",0387,49-9041.00,6000,TB
"PINSETTER MECH, AUTOMATIC  ",0985,49-9043.00,4000,TB
PIPE COVERER & INSULATOR   ,0411,47-2132.00,8000,TB
PIPE FITTER (Construction)    ,0414,47-2152.01,8000,TB
PIPE FITTER (Ship & Boat)  ,0412,47-2152.01,8000,TB
PIPE FITTER (Existing Title: Pipe Fitter (Construction))    ,0414CL,47-2152.01,8500-10000 ,HY
PIPE FITTER (1st Year Level 1)   ,0414CL1,47-2152.01,1700-2000 ,HY
PIPE FITTER (2nd Year Level 2)   ,0414CL2,47-2152.01,3400-4000 ,HY
PIPE FITTER (3rd Year Level 3)   ,0414CL3,47-2152.01,5100-6000 ,HY
PIPE FITTER (Existing Title: Pipe Fitter (Construction)) ,0414HY,47-2152.01,8500-10000,HY
PIPE FITTER - SPRINKLER FITTER,0414S-CL,47-2152.01,8500-10000 ,HY
PIPE FITTER - SPRINKLER FITTER (1st Year Level 1)   ,0414S-CL1,47-2152.01,1700-2000 ,HY
PIPE FITTER - SPRINKLER FITTER (2nd Year Level 2)  ,0414S-CL2,47-2152.01,3400-4000 ,HY
PIPE FITTER - SPRINKLER FITTER (3rd Year Level 3)   ,0414S-CL3,47-2152.01,5100-6000 ,HY
PIPE FITTER - SPRINKLER FITTER,0414S-R,47-2152.01,8000,TB
PIPE ORGAN BUILDER         ,0417,51-7011.00,6000,TB
PIPE ORGAN TUNER & REPAIR,0388,49-9063.00,8000,TB
PIPEFITTING,**0414R,47-2152.01,7328,TB
PIPEFITTING AND/OR PLUMBING,**0412R,47-2152.01,7328,TB
PLANT OPERATOR             ,0961,51-9021.00,6000,TB
"PLANT OPERATOR, FURNACE PRO",0393,51-8091.00,8000,TB
PLASTER PATTERN CASTER,0404,51-9195.07,10000,TB
PLASTERER,0423R,47-2161.00,8000,TB
PLASTERER,0423R1-HY,47-2161.00,5200-8000,HY
PLASTERER,0423R2-HY,47-2161.00,3900-6000,HY
PLASTERER                  ,0423,47-2161.00,4000,TB
PLASTERER                  ,0423HY,47-2161.00,4500-8000,HY
PLASTIC FIXTURE BUILDER,0843,51-4111.00,8000,TB
PLASTIC PROCESS TECHNICIAN ,0660,51-4072.00,8000,TB
PLASTIC TOOL MAKER         ,0426,51-4111.00,8000,TB
PLASTICS FABRICATOR        ,0186,51-9199.00,4000,TB
PLATE FINISHER (Print & Pub) ,0427,51-5111.00,12000,TB
PLATE MAKER (Existing Title: Plate Finisher),0427CB,51-5111.00 ,*CB,CB
PLATE SHOP OPERATOR,1093,51-2041.00,6000,TB
PLATEN-PRESS OPERATOR,0430,51-5112.00,8000,TB
PLATER                     ,0431,51-4193.00,6000,TB
PLUMBER                    ,0432,47-2152.02,8000,TB
PLUMBER          ,0432CL,47-2152.02,8500-10000,HY
PLUMBER (1st Year Level 1)          ,0432CL1,47-2152.02,1700-2000 ,HY
PLUMBER (2nd Year Level 2)         ,0432CL2,47-2152.02,3400-4000 ,HY
PLUMBER (3rd Year Level 3),0432CL3,47-2152.02,5100-6000 ,HY
PLUMBER          ,0432HY,47-2152.02,8500-10000,HY
PLUMBER,**0432R,47-2152.02,7328,TB
PLUMBER          ,0432R1,47-2152.02,8500,TB
PNEUDRAULIC SYSTEMS MECHANIC,1107,49-3011.00,4800,TB
PNEUMATIC TOOL REPAIRER,0434,49-9041.00,8000,TB
PNEUMATIC TUBE REPAIRER,0435,49-9041.00,4000,TB
PODIATRIC ASSISTANT        ,0406,31-9092.00,4000,TB
"POINTER, CLEANER, CAULKER",0680HY,47-2061.00,4500-8000,HY
"POINTER, CLEANER, CAULKER",0680R-HY,47.2061.00,6000-8000,HY
"POINTER, CLEANER, CAULKER (Existing Title: Tuckpointer Cleaner, Caulker)",0680R,47-2061.00,8000,TB
POLICE OFFICER (Alternate Title: Military Police)        ,0437,33-3051.01,4000,TB
PONY EDGER (Sawmill)       ,0901,51-7041.00,4000,TB
POST OFFICE CLERK,0596,43-5051.00,4000,TB
POTTERY MACHINE OPERATOR,0439,51-9195.05,6000,TB
POWERHOUSE MECHANIC        ,0443,49-9041.00,8000,TB
POWERPLANT MECHANIC,1045,49-3011.00,3000,TB
POWER-PLANT OPERATOR,0440,51-8013.00,8000,TB
POWER-SAW MECHANIC,0441,49-3053.00,6000,TB
POWER-TRANSFORMER REPAIRER,0442,49-2092.00,8000,TB
PRECISION ASSEMBLER        ,0410,51-2011.00,6000,TB
"PRECISION ASSEMBLER, BENCH",0962,51-2023.00,4000,TB
PRECISION-LENS GRINDER,0277,51-9083.00,8000,TB
PRESS OPERATOR HEAVY DUTY  ,0928,51-4031.00,8000,TB
PRESS SET-UP OPERATOR - STAMPING,0928CB,51-4031.00,*CB,CB
PREVENTATIVE HOME HEALTH AIDE,2001,31-1011.00,2000,TB
"PRINTER, PLASTIC           ",0452,51-5112.00,8000,TB
PRINTER-SLOTTER OPERATOR,0451,51-5112.00,8000,TB
PROCESS/SHIPPING TECHNICIAN ,0557R,53-7011.00,8000,TB
PRODUCTION CONTROLLER,1058CB,11-9161.00,*CB,CB
PRODUCTION FINISHER        ,1023,51-9121.00,4000,TB
"PRODUCTION MACHINERY ELECTRICIAN (Existing Title:  Electrician, Maintenance) ",0643R,47-2111.00,5720,TB
PRODUCTION MACHINERY MECHANIC (Existing Title:  Machine Repairer) ,0292R,49-9041.00,5920,TB
PRODUCTION TECHNOLOGIST    ,1027CB,51-2092.00,*CB,CB
PROFESSIONAL BREWER,2044,51-9012.00,2000,TB
PROGRAM ASSISTANT          ,0913,27-2012.01,6000,TB
"PROGRAMMER, ENGINEER & SCIENTIFIC ",0949,15-1131.00,8000,TB
PROJECTION PRINTER         ,0413,51-9151.00,8000,TB
PROOF-PRESS OPERATOR,0288,51-5112.00,10000,TB
PROOFSHEET CORRECTOR (Prt) ,0415,51-5111.00,8000,TB
PROP MAKER (Amuse & Rec)   ,0455,47-2031.01,8000,TB
PROPULSION MOTOR & GENERATOR,0456,49-2092.00,8000,TB
PROSPECTING DRILLER (Petro),0416,47-5012.00,4000,TB
PROSTHETICS TECHNICIAN     ,0376,51-9082.00,8000,TB
PROSTHETIST (Medical serv) ,0418,29-2091.00,8000,TB
PROTECTIVE SERVICE SPECIALIST (Active Duty Military),2008,33-3051.01,2000,TB
PROTECTIVE-SIGNAL INSTALLER,0459,49-2098.00,8000,TB
PROTECTIVE-SIGNAL REPAIRER,0006,47-2111.00,6000,TB
PROTOTYPE MODEL MAKER      ,0846,51-4061.00,8000,TB
PRVTE-BRANCH EXCH INSTALLER,0646,49-2022.00,8000,TB
PRVTE-BRANCH EXCH REPAIRER,1006,49-2022.00,8000,TB
PUBLIC AFFAIRS (Military Only),1076CB,27-3031.00,*CB,CB
PUBLIC HEALTH (Military Only),1080CB,29-9012.00,*CB,CB
PUBLIC HEALTH INFORMATICIAN (CDC),2010CB,15-1121.00,*CB,CB
PUMP ERECTOR (Const)       ,0419,49-9041.00,4000,TB
PUMP SERVICER              ,0933,49-9041.00,6000,TB
PUMPER-GAUGER,0950,53-7121.00,6000,TB
PURCHASING AGENT           ,0948,13-1023.00,8000,TB
PURIFICATION OPERATOR II   ,0461,51-9012.00,8000,TB
QUALITY CONTROL INSPECTOR,0936,51-9061.00,4000,TB
QUALITY CONTROL TECHNICIAN,0462,17-3026.00,4000,TB
RADIATION MONITOR          ,1007,19-4051.02,8000,TB
RADIO MECHANIC (Any Ind)   ,0465,49-2021.00,6000,TB
RADIO REPAIRER (Any ind)   ,0466,49-2097.00,8000,TB
RADIO STATION OPERATOR (Alternate Title: Radio Operator/Maintainer),0952,27-4013.00,8000,TB
RADIOGRAPHER               ,0468,51-9061.00,8000,TB
RAILROAD SAFETY INSPECTOR,2035HY,53-6051.07,1500-2000,HY
RECORDING ENGINEER         ,0926,27-4014.00,4000,TB
RECOVERY OPERATOR (Paper)  ,0420,51-9012.00,2000,TB
RECREATION ASSISTANT ,2015,39-9032.00,4500,TB
RECYCLING AND RECLAMATION WORKER (PRISONS ONLY),2057,51-9199.01,2000,TB
RECYCLING COORDINATOR (PRISON ONLY),2056,53-1021.01 ,4000,TB
REFINERY OPERATOR,0852HY,51-8093.02,4000-6000,HY
REFINERY OPERATOR          ,0852,51-8093.00,6000,TB
REFRIGERATION & AIR CONDITION MECHANIC (Existing Title: Refrigeration Maint) ,0666HY,49-9021.00,7480-8800,HY
REFRIGERATION AND AIR CONDITIONING MAINTENANCE (Existing Title: Refrigeration Mechanic) ,**0666R,49-9021.02,7328,TB
REFRIGERATION MECHANIC (Any Ind),0666,49-9021.02,6000,TB
REFRIGERATION UNIT REPAIRER       ,0918,49-9021.02,6000,TB
REINFORCING IRONWORKER CONCRETE (Existing Title: Reinforcing Metal Worker),0471,47-2171.00,4000,TB
REINFORCING IRONWORKER CONCRETE (Existing Title: Reinforcing Metal Worker),0471HY,47-2171.00,6000-8000,HY
REINFORCING METAL WORKER (Alternate Title: Ironworker Reinforcing Concrete)   ,0471R1,47-2171.00,6000,TB
REINFORCING METAL WORKER (Alternate Title: Ironworker Reinforcing Concrete)   ,0471R2,47-2171.00,8000,TB
REINFORCING METAL WORKER   ,0471R1-HY,47-2171.00,5600-8000,HY
REINFORCING METAL WORKER   ,0471R2-HY,47-2171.00,4200-6000,HY
REINFORCING METAL WORKER (Alternate Title: Ironworker Reinforcing Concrete)   ,0471R3-HY,47-2171.00,4200-6000,HY
REINFORCING METAL WORKER (Alternate Title: Ironworker Reinforcing Concrete)   ,0471R4-HY,47-2171.00,5600-8000,HY
RELAY TECHNICIAN           ,0975,49-2095.00,4000,TB
RELAY TESTER               ,0687,51-9061.00,8000,TB
REPAIRER I (Chem)          ,0674,49-9041.00,8000,TB
"REPAIRER, HANDTOOLS        ",0421,49-2092.00,6000,TB
"REPAIRER, HEAVY            ",0997,49-3023.01,4000,TB
"REPAIRER, RECREATIONAL VEH ",0807,49-3092.00,8000,TB
"REPAIRER, WELDING EQUIPMENT",0422,49-9041.00,4000,TB
"REPAIRER, WELDING SYS & EQ ",1005,49-9041.00,6000,TB
REPRODUCTION TECHNICIAN,0092,51-9151.00,2000,TB
RESEARCH MECHANIC (Aircraft)   ,0788,17-3021.00,8000,TB
RESIDENTIAL CARPENTER      ,0564,47-2031.01,4000,TB
RESIDENTIAL CARPENTER      ,0564HY,47-2031.01,3645-4000,HY
RESIDENTIAL CARPENTER SPECIALIST (Existing Title:  Residential Carpenter),0564R,47-2031.01,8000,TB
RESIDENTIAL CARPENTER SPECIALIST (Siding) (Existing Title: Residential Carpenter),0564R1,47-2031.01,8000,TB
RESIDENTIAL CARPENTER SPECIALIST (Existing Title: Residential Carpenter)    ,0564R-HY,47-2031.01,3900-6000,HY
RESIDENTIAL CARPENTER SPECIALIST (Existing Title: Residential Carpenter),0564R1-HY,47-2031.01,5200-8000,HY
RESIDENTIAL WIREMAN        ,1022,47-2111.00,4800,TB
"RESTAURANT MANAGER (Existing Title: Manager, Food Service)  ",0593CB,11-9051.00,*CB,CB
"RETOUCHER, PHOTOENGRAVING  ",0472,51-5111.00,10000,TB
RIGGER                     ,0474,49-9096.00,6000,TB
RIGGER (Ship & Boat Bldg)  ,0473,49-9096.00,4000,TB
RISK MANAGEMENT ANALYST,2047CB,13-2099.02,*CB,CB
ROCKET MOTOR MECHANIC,0475,51-4041.00,8000,TB
ROCKET-ENGINE-COMPONENT MECHANIC,0425,49-3011.00,8000,TB
ROLL THREADER OPERATOR     ,0428,51-4023.00,2000,TB
ROLLER ENGRAVER HAND       ,0795,51-9194.00,4000,TB
ROOFER                     ,0480,47-2181.00,4000,TB
ROOM ATTENDANT/HOUSEKEEPER,0943CB,37-2012.00,*CB,CB
ROTOGRAVURE-PRESS OPERATOR,0481,51-5112.00,8000,TB
RUBBER TESTER              ,0429,51-9061.00,8000,TB
RUBBERIZING MECHANIC       ,0485,49-9041.00,8000,TB
RUBBER-STAMP MAKER,0484,51-9195.07,8000,TB
"RUG CLEANER, HAND          ",0433,37-2019.00,2000,TB
SADDLE MAKER               ,0487,51-6041.00,4000,TB
SAFE & VAULT SERVICE MECHANIC  ,0488,49-9094.00,8000,TB
SAFETY INSPECTOR/TECHNICIAN (Alternate Title: Preventive Medicine Specialist) ,0707,29-9011.00,6000,TB
SALESPERSON PARTS          ,0753,41-2022.00,4000,TB
"SAMPLE MAKER, APPLIANCES   ",0490,51-4061.00,8000,TB
SAMPLE STITCHER (Garment)  ,0436,51-6052.00,8000,TB
"SANDBLASTER, STONE         ",0493,51-9195.03,6000,TB
SAW FILER (Any Ind)        ,0495,51-4194.00,8000,TB
SAW MAKER (Cutlery & Tools),0496,51-4111.00,6000,TB
"SCAFFOLD ERECTOR (Existing Title: Carpenter, Rough)",0069R,47-2031.02,8000,TB
"SCAFFOLD ERECTOR (Existing Title: Carpenter, Rough)",0069R-HY,47-2031.02,3900-6000,HY
"SCAFFOLD ERECTOR (Existing Title: Carpenter, Rough)",0069R1-HY,47-2031.02,5200-8000,HY
SCALE MECHANIC             ,0497,49-9041.00,8000,TB
SCANNER OPERATOR           ,0855,51-5111.00,4000,TB
SCREEN PRINTER             ,0520,51-9123.00,4000,TB
SCREW-MACH SET-UP OPERATOR,0502,51-4034.00,8000,TB
"SCREW-MACH SET-UP OPERATOR, SINGLE",0506,51-4034.00,6000,TB
"SCREW-MACHINE OPERATOR, MULTI SPIN",0500,51-4034.00,8000,TB
"SCREW-MACHINE OPERATOR, SINGLE SPIN",0444,51-4034.00,6000,TB
SCRIPT SUPERVISOR          ,0445,43-6014.00,2000,TB
SECURITY SPECIALIST,1137,33-3051.01,4000,TB
SENIOR HOUSING MANAGER,1109CB,11-9111.00,*CB,CB
SERVICE MECHANIC (Auto Mfg),0446,49-3021.00,4000,TB
"SERVICE PLANNER (Light, Heat)",0615,49-9098.00,8000,TB
"SERVICE PLANNER (Light, Heat)",0615HY,49-9098.00,7500-8000,HY
SERVICES (Base Facilities) (Military Only),1075CB,39-9041.00,*CB,CB
SEWING MACHINE REPAIRER,0508,49-9041.00,6000,TB
SEWING MACHINE REPAIRER,**0508R,49-9041.00,7328,TB
SHEET METAL MECHANIC (Existing Title:  Sheet Metal Worker),0510R,47-2211.00,5920,TB
SHEET METAL WORKER         ,0510,47-2211.00,8000,TB
SHEET METAL WORKER         ,0510HY,47-2211.00,8000-9000,HY
SHEET METAL WORKER,0510R-HY,47-2211.00,6400-7200  ,HY
SHEET METAL WORKER & TINSMITH (Existing Title: Sheet Metal Worker)         ,**0510R,47-2211.00,7328,TB
SHIP PROPELLER FINISHER    ,0611,51-2041.00,6000,TB
SHIPFITTER (Existing Title:  Shipfitter (Ship & Boat)) ,0643R1,51-4192.00,5920,TB
SHIPFITTER (Ship & Boat)   ,0513,51-4192.00,8000,TB
SHIPWRIGHT (Existing Title:  Shipwright (Ship & Boat)) ,0979R,47-2031.01,5920,TB
SHIPWRIGHT (Ship & Boat)  ,0979,47-2031.01,8000,TB
SHOE REPAIRER              ,0514,51-6041.00,6000,TB
"SHOEMAKER, CUSTOM          ",0812,51-6041.00,6000,TB
"SHOP OPTICIAN, BENCHROOM   ",0524,51-9083.00,8000,TB
"SHOP OPTICIAN, SURFACE ROOM",0526,51-9083.00,8000,TB
SHOP TAILOR                ,0515,51-6052.00,8000,TB
SIDEROGRAPHER (Print & Pub),0447,51-9194.00,10000,TB
SIGN ERECTOR I             ,0517,47-4099.00,6000,TB
"SIGN WRITER, HAND          ",0518,51-9199.00,2000,TB
SIGNAL MAINTAINER (RR Tran),0942,49-9097.00,8000,TB
SILKSCREEN CUTTER,0519,51-9031.00,6000,TB
SILVERSMITH II             ,0522,51-9071.07,6000,TB
SKETCH MAKER I (Print & Pub),0448,51-5112.00,10000,TB
SKETCH MAKER II (Print & Pub),0523,51-9194.00,8000,TB
SMALL ENGINE MECHANIC,0525,49-3053.00,4000,TB
SOFT TILE SETTER (Const),0449,47-2042.00,6000,TB
SOIL CONSERVATION TECHNICIAN,0450,19-1031.01,6000,TB
SOLDERER (Jewelry)         ,0453,51-9071.01,6000,TB
SOUND MIXER                ,0527,27-4014.00,8000,TB
SOUND TECHNICIAN           ,0528,49-2022.00,6000,TB
SPECIAL HAZARDS FIRE SUPPRESSION SYSTEM TECH,2007,49-2098.00,3600,TB
"SPINNER, HAND",0530,51-4034.00,6000,TB
SPRING COILING MACHINE SET ,0457,51-4031.00,8000,TB
SPRING MAKER               ,0532,51-4081.00,8000,TB
"SPRING REPAIRER, HAND      ",0533,49-3023.02,8000,TB
SPRING-MANUFACTURING SET-UP TECHNICIAN,0534,51-4081.00,8000,TB
SPRINKLER FITTER (Existing Title: Pipe Fitter),0414R1-HY,47-2152.01,8500-10000,HY
SPRINKLER FITTER (Existing Title: Pipe Fitter),0414S ,47-2152.01,8500,TB
STAGE TECHNICIAN           ,0521,27-4011.00,6000,TB
STAINED GLASS ARTIST       ,0382,27-1021.00,8000,TB
STATION INSTALLER & REPAIRER ,0647,49-2022.00,8000,TB
STATIONARY ENGINEER,0536,51-8021.00,8000,TB
STATIONARY ENGINEER,0536R1,51-8021.00,6000,TB
STATIONARY ENGINEER-POWER HOUSE (Existing Title: Stationary Engineer),**0536R,51-8021.00,7328,TB
STEAM SERVICE INSPECTOR    ,0460,47-2152.01,8000,TB
STEEL-DIE PRINTER,0785,51-5112.00,8000,TB
STENCIL CUTTER             ,0463,51-9199.00,4000,TB
STEREOTYPER                ,0538,51-5111.00,12000,TB
STOKER ERECTOR & SERVICER,0467,49-9041.00,8000,TB
STONE CARVER               ,0539,51-9195.03,6000,TB
STONE POLISHER             ,0017,51-4033.00,6000,TB
STONE SETTER (Jewelry)     ,0312,51-9071.01,8000,TB
"STONECUTTER, HAND          ",0542,51-9195.03,6000,TB
STONE-LATHE OPERATOR,0470,51-9032.00,6000,TB
STONEMASON                 ,0540,47-2022.00,6000,TB
STONEMASON,0540R,47-2022.00,8000,TB
STONEMASON                 ,0540R-HY,47-2022.00,4500-8000,HY
STONEMASON,0540R1-HY,47-2022.00,6000-8000,HY
STREET-LIGHT SERVICER,0545,47-2111.00,8000,TB
STRIPPER (Print & Pub)     ,0726,51-5111.00,10000,TB
"STRIPPER, LITHOGRAPHIC II  ",0064,51-5111.00,8000,TB
STRUCTURAL METAL FABRICATOR AND FITTER,0325,51-2041.00,8000,TB
STRUCTURAL STEEL WORKER (Alternate Titles: Ironworker or Structural Ironworker),0669,47-2221.00,6000,TB
STRUCTURAL STEEL WORKER (Alternate Titles: Ironworker or Structural Ironworker),0669R,47-2221.00,8000,TB
STRUCTURAL STEEL WORKER (Alternate Titles: Ironworker or Structural Ironworker),0669R-HY,47-2221.00,5600-8000,HY
STRUCTURAL STEEL WORKER (Alternate Titles: Ironworker or Structural Ironworker),0669R1-HY,47-2221.00,4200-6000,HY
STRUCTURAL STEEL/IRONWORKER (Existing Title: Structural Steel Worker),0669HY,47-2221.00,6000-8000,HY
STRUCTURAL STEEL/IRONWORKER (Existing Title: Structural Steel Worker),0669R-HY,47-2221.00,5600-8000,HY
STRUCTURAL STEEL/IRONWORKER (Existing Title: Structural Steel Worker),0669R1-HY,47-2221.00,4200-6000,HY
SUBCONTRACT ADMINISTRATOR,1126CB,13-1023.00,*CB,CB
SUBCONTRACT ADMINISTRATOR ASSOC.,1127CB,13-1023.00,*CB,CB
SUBSTATION OPERATOR        ,0553,51-8012.00,8000,TB
SUPERCARGO (Water Trans)   ,0366,43-5061.00,4000,TB
SUPERVISORY CONTROL&DATA ACQ TEC,1106,49-2094.00,8000,TB
SURFACE-PLATE FINISHER,0478,51-9021.00,4000,TB
SURGICAL INSTRUMENT REPAIR SPECIALIST,2025HY,49-9062.00,4008-6260  ,HY
SURGICAL TECHNOLOGIST (Alternate Title: Operating Room Specialist) ,1051CB,29-2055.00,*CB,CB
SURVEYOR ASSISTANT INSTRUMENT,0551,17-3031.01,4000,TB
SURVIVAL EQUIPMENT (Parachute Repair) (Military Only),1069CB,49-9093.00,*CB,CB
SWIMMING-POOL SERVICER,0838,37-2011.00,4000,TB
SWITCHBOARD OPERATOR (Utility) ,0801,51-8012.00,6000,TB
TANK SETTER (Petrol Prod)  ,0558,47-2221.00,4000,TB
TAP AND DIE MAKER TECHNICIAN,0559,51-4111.00,8000,TB
TAPER (Alternate Title: Drywall Finisher),0561,47-2082.00,4000,TB
TAPE-RECORDER REPAIRER,0560,49-2097.00,8000,TB
TAXIDERMIST (Profess & Kin),0562,27-1012.00,6000,TB
TEACHER AIDE I             ,0657,25-9041.00,4000,TB
"TECHNICIAN, SUBMARINE CABLE",0552,49-2022.00,4000,TB
TELECOMMUNICATION TOWER TECHNICIAN ,2030CB,49-2021.00,*CB,CB
TELECOMMUNICATION TOWER (Level 1) APPRENTICE ,2030CL1,49-2021.00,*CB,CB
TELECOMMUNICATION TOWER (Level 2) TECHNICIAN,2030CL2,49-2021.00,*CB,CB
TELECOMMUNICATIONS TECHNICIAN (Alternate Title: Broadband Technician),0618,49-2022.00,8000,TB
TELECOMMUNICATIONS TECHNICIAN (Alternate Title: Broadband Technician),0618R,49-2022.00,4800,TB
TELECOMMUNICATIONS TOWER ANTENNA & LINE FOREMAN,2054CB,49-2021.01,*CB,CB
TELECOMMUNICATIONS TOWER ANTENNA & LINE LEAD,2055CB,49-2021.01,*CB,CB
TELECOMMUNICATIONS TOWER CONSTRUCTION FOREMAN,2052CB,49-2021.01,*CB,CB
TELECOMMUNICATIONS TOWER CONSTRUCTION LEAD,2053CB,49-2021.01,*CB,CB
TELECOMMUNICATOR           ,1002,43-5031.00,8000,TB
TELEGRAPHIC-TYPEWRITER OPER,0951,43-9022.00,6000,TB
TELEVISION & RADIO REP,0565,49-2097.00,8000,TB
TELLER (Financial),1055,43-3071.00,2000,TB
TEMPLATE MAKER             ,0567,51-4062.00,8000,TB
"TEMPLATE MAKER, EXTRUSION DIE",0123,51-4062.00,8000,TB
TEMPORARY SERVICES PIPEFITTER   (Existing Title:  Pipe Fitting and/or Plumbing) ,0412R1,47-2152.01,5920,TB
TEMPORARY SERVICES ELECTRICIAN (Existing Title:  Electrician [Ship and Boat]) ,0771R2,47-2111.00,5760,TB
TERRAZZO FINISHER          ,0972,47-2053.00,4000,TB
TERRAZZO FINISHER          ,0972HY,47-2053.00,3500-4000,HY
TERRAZZO FINISHER,0972R-HY,47-2053.00,5200-8000,HY
TERRAZZO FINISHER,0972R1-HY,47-2053.00,3900-6000,HY
TERRAZZO INSTALLER (Existing Title:  Terrazzo Worker),0568R-HY,47-2053.00,3900-6000,HY
TERRAZZO INSTALLER (Existing Title:  Terrazzo Worker),0568R1-HY,47-2053.00,5200-8000,HY
TERRAZZO WORKER            ,0568,47-2053.00,6000,TB
TERRAZZO WORKER          ,0568HY,47-2053.00,4500-8000,HY
TERRAZZO WORKER (Alternate Title: Terrazzo Installer),0568R,47-2053.00,8000,TB
TEST ENGINE OPERATOR,0482,19-4041.02,4000,TB
TEST EQUIPMENT MECHANIC    ,0190,17-3021.00,10000,TB
TEST TECH (Profess & Kin)  ,0483,51-4041.00,10000,TB
TESTER (Petrol Refin)      ,0956,19-4041.02,6000,TB
TESTING & REGULATING TECHNICIAN  ,0572,51-9061.00,8000,TB
THERMOMETER TESTER         ,0489,51-9061.00,2000,TB
TILE FINISHER              ,0971,47-3011.00,4000,TB
TILE FINISHER              ,0971HY,47-3011.00,3500-4000,HY
TILE SETTER                ,0573,47-2044.00,6000,TB
TILE SETTER                ,0573HY,47-2044.00,4500-8000,HY
TILE SETTER,0573R,47-2044.00,8000,TB
TILE SETTER,0573R-HY,47-2044.00,6000-8000,HY
"TIMBER FRAMER (Existing Title:  Carpenter, Rough)",0069HY,47-2031.02,5000-7000,HY
TINTER (Paint & Varnish),0575,51-9023.00,4000,TB
"TOOL & DIE MAKING (INSPEC, SET UP & LAY-OUT)",**0636R,51-9061.00,7328,TB
TOOL AND DIE MAKER,0586,51-4111.00,8000,TB
TOOL AND DIE MAKER,0586R,51-4111.00,7328,TB
TOOL AND DIE MAKER (DIE MANUFACTURER) ,**0586R-CL,51-4111.00,*CB,CB
TOOL BUILDER               ,0205,51-4061.00,8000,TB
TOOL DESIGN,**0580R,17-2141.00,7328,TB
TOOL DESIGN,**0584R1,17-2141.00,7328,TB
TOOL DESIGN CHECKER        ,0587,17-3027.00,8000,TB
TOOL DESIGNER              ,0580,17-2141.00,8000,TB
TOOL GRINDER I             ,0582,51-4194.00,6000,TB
TOOL GRINDER OPERATOR,0765,51-4194.00,8000,TB
TOOL MACHINE SET-UP OPERATOR,0588,51-4081.00,6000,TB
TOOL MAKER,**0584R,51-4111.00,7328,TB
TOOL MAKER                 ,0584,51-4111.00,8000,TB
"TOOL MAKER, BENCH          ",0585,51-4111.00,8000,TB
"TOOL PROGRAMMER, NUMERICAL ",0690,51-4012.00,6000,TB
TRACTOR MECHANIC           ,0589,49-3031.00,8000,TB
TRANSFORMER REPAIRER       ,0590,49-2092.00,8000,TB
TRANSIT ELEVATOR-ESCALATOR MAINTENANCE TECH,0174R,47-4021.00,6399,TB
TRANSIT RAIL VEHICLE MAINTENANCE TECHNICIAN,0642R-HY,49-3043.00,5400,HY
TRANSMISSION MECHANIC      ,0592,49-3023.01,4000,TB
TRANSPORTATION CLERK (Alternate Title: Transportation Management Coordinator)     ,0655,43-5011.00,3000,TB
TREATMENT PLANT MECHANIC,0847,49-9041.00,6000,TB
TREE SURGEON               ,0595,37-3013.00,6000,TB
TREE TRIMMER (Line Clear)   ,0607,37-3013.00,4000,TB
TROUBLE LOCATOR TEST DESK  ,0805,51-9061.00,4000,TB
TROUBLE SHOOTER II         ,0858,49-9051.00,6000,TB
TRUCK BODY BUILDER,0598,49-3021.00,8000,TB
TRUCK CRANE OPERATOR (Alternate Title:  Crane Operator),0014,53-7021.00,6000,TB
"TRUCK DRIVER, HEAVY        ",0980CL,53-3032.00,3000-4560,HY
"TRUCK DRIVER, HEAVY, (Level 1 Tractor Trailer and Driver)      ",0980CL1,53-3032.00,180-198,HY
"TRUCK DRIVER, HEAVY, (Level 2 Driver Finishing)        ",0980CL2,53-3032.00,160,HY
"TRUCK DRIVER, HEAVY, (Level 3 Load Securement)         ",0980CL3,53-3032.00,1280-1800,HY
"TRUCK DRIVER, HEAVY, (Level 4 Instructor Foundations)     ",0980CL4,53-3032.00,1560-2600,HY
"TRUCK DRIVER, HEAVY (Alternate Title: Motor Transport Operator)     ",0980HY,53-3032.00,2385-3585,HY
"TRUCK DRIVER, HEAVY        ",0980R,53-3032.00,8000,TB
"TUCKPOINTER, CLEANER, CAULKER",0680,47-2061.00,6000,TB
TUMOR REGISTRAR            ,1004,29-2071.00,4000,TB
TUNE-UP MECHANIC,0600,49-3023.02,4000,TB
TURBINE OPERATOR           ,0601,51-8013.00,8000,TB
TURRET LATHE SET-UP OPERATOR,1021,51-4034.00,8000,TB
UNDERCAR SPECIALIST (Alternate Title: Automotive Tech Specialist ) ,1034,49-3023.02,4000,TB
UPHOLSTERER                ,0097,51-6093.00,4000,TB
"UPHOLSTERER, INSIDE        ",0606,51-6093.00,6000,TB
UTILITIES SYSTEMS REPAIR OPERATOR (DRY DOCKS) (Existing Title:  Pipe Fitter (Ship and Boat)) ,0412R,47-2152.01,5920,TB
UTILITY LOCATOR/LOCATOR TECHNICIAN,2041HY,47-4011.00,2000-4000,HY
VETERINARY/LAB ANIMAL TECH (Alternate Title: Animal Care Specialist) ,1112CB,31-9096.00,*CB,CB
"VIOLIN MAKER, HAND         ",0492,51-7011.00,8000,TB
VISUAL IMAGERY INTRUSION  DETECTION SYSTEMS (Military Only),1070CB,49-2094.00,*CB,CB
WALLPAPER PRINTER I,0612,51-5112.00,8000,TB
WARDROBE SUPERVISOR        ,0494,39-3092.00,4000,TB
WASTE TREATMENT OPERATOR,0614,51-8031.00,4000,TB
WASTEWATER SYSTEMS OPERATOR,0507R,51-8031.00,3520,TB
WASTEWATER-TREATMENT- PLANT OPERATOR (Alternate Title: Water Treatment Specialist ) ,0507,51-8031.00,4000,TB
WATCH REPAIRER             ,0616,49-9064.00,8000,TB
WATER TREATMENT PLANT OPERATOR,0619,51-8031.00,6000,TB
WEATHER OBSERVER-METERO TECH           ,0001,19-4099.00,4000,TB
WEB-PRESS OPERATOR,0667,51-5112.00,8000,TB
"WELDER (Existing Title:  Welder, Combination)",0622R,51-4121.02,5920,TB
"WELDER, ARC                ",0620,51-4121.06,8000,TB
"WELDER, COMBINATION        ",0622,51-4121.06,6000,TB
WELDER-FITTER,0627,51-4121.06,8000,TB
"WELDING (Existing Title: Welder, Combination)",**0622R,51-4121.06,7328,TB
"WELDING MACHINE OPERATOR, ARC",0945,51-4122.00,6000,TB
WELDING TECHNICIAN         ,0498,17-3029.00,8000,TB
WELL DRILL OPERATOR (Const),0629,47-5021.00,8000,TB
WELLNESS COACH,2016HY,21-1094.00,2000,HY
WILDLAND FIRE FIGHTER SPECIALIST,0544HY,33-2011.02,3000,HY
WIND INSTRUMENT REPAIRER,0357,49-9063.00,8000,TB
WIND TUNNEL MECHANIC       ,0499,17-3021.00,8000,TB
WIND TURBINE TECHNICIAN,2000HY,49-9081.00,4000-6000,HY
WINE MAKER (Vinous Liquor) ,0034,11-3051.00,4000,TB
WIRE SAWYER (Stonework)    ,0501,51-9032.00,4000,TB
"WIRE WEAVER, CLOTH         ",0504,51-6063.00,8000,TB
WIRELESS TECHNICIAN,2038CB,49-2021.01,*CB,CB
WIRER (Office Machines),0633,51-2022.00,4000,TB
WOOD TURNING LATHE OPERATOR ,0505,51-7042.00,2000,TB
WORKFORCE DEVELOPMENT ANALYST,2043,13-1511.00,2000,TB
WORKFORCE DEVELOPMENT SPECIALIST,2042,13-1511.00,2000,TB
WORKING DOG HANDLER,2023,33-3051.01,2500,TB
X-RAY EQUIPMENT TESTER,0919,51-9061.00,4000,TB
YOUTH DEVELOPMENT PRACTITIONER ,1039HY,13-1071.00,3000-4000,HY
YOUTH DEVELOPMENT PRACTITIONER ,1039R-HY,13-1071.00,3000-3444.5,HY
